time[ps] pe[eV] temp[K] press[bar]
0 -34855.3671875 300.00000000000113687 22995.680520688361867
0.10000000000000000555 -34844.5078125 321.39143530406914806 14475.072010024277915
0.2000000000000000111 -34868.53125 299.07474158960138766 10782.452113824907428
0.2999999999999999889 -34893.375 305.56521189223087731 8087.0090163117129123
0.4000000000000000222 -34888.98046875 295.76883575007553873 6476.3665628499938975
0.5 -34886.23046875 304.17653448199723698 7341.2551479752974046
0.5999999999999999778 -34892.97265625 303.18461263303902342 5946.6286799035333388
0.70000000000000006661 -34890.8515625 299.05463746325426655 5198.2866775555776258
0.80000000000000004441 -34885.75 302.25695035102864949 5789.1323672952112247
0.9000000000000000222 -34890.88671875 302.92902134202597608 5203.0587788813700172
1 -34891.921875 297.45611560359407122 5332.3880806749439216
1.1000000000000000888 -34890.26171875 302.26922753355711393 5885.897903864401087
1.1999999999999999556 -34891.99609375 300.28939094706879587 5063.5708399164641378
1.3000000000000000444 -34891.33984375 304.05797719974532356 5228.2615096720428483
1.4000000000000001332 -34893.1640625 296.55797446129975015 6407.2059411660156911
1.5 -34895.07421875 300.03544831734024001 5271.1080682897572842
1.6000000000000000888 -34902.046875 303.93561445770825458 5468.1217757566091677
1.6999999999999999556 -34895.73046875 298.42206849553457459 5089.979881513163491
1.8000000000000000444 -34896.69921875 302.4861805383667388 4787.0343504377924546
1.9000000000000001332 -34899.76953125 298.36181052468560893 5372.4173762030750368
2 -34903.421875 299.73025930847200016 4382.784831212964491
2.1000000000000000888 -34900.5859375 297.09359275649592291 5312.2860283101636014
2.2000000000000001776 -34902.60546875 305.47228163077517138 4659.0141514629649464
2.3000000000000002665 -34906.29296875 303.41383461569046176 4424.0547302815521107
2.3999999999999999112 -34905.79296875 294.34715459848013097 5062.6169759877338947
2.5 -34906.49609375 301.99242248703870928 3958.7482434482817553
2.6000000000000000888 -34903.44921875 297.27664728437645181 4392.7189145287920837
2.7000000000000001776 -34909.4296875 296.32036815075696268 5125.8697263617468707
2.8000000000000002665 -34907.0078125 301.50393116351966682 4020.271993708491209
2.8999999999999999112 -34903.390625 292.65536206883336945 4459.6697277121593288
3 -34904.96484375 304.42683284366160024 5539.11911408762262
3.1000000000000000888 -34904.7578125 296.09535100390900197 4791.5725510428801499
3.2000000000000001776 -34905.8125 305.77981925874456692 4282.5251384991479426
3.3000000000000002665 -34903.64453125 301.094628976113313 5277.9107685982071416
3.3999999999999999112 -34909.90234375 300.6966503854054622 3925.57885001718887
3.5 -34911.09765625 296.33711436022377939 3993.6614133666130328
3.6000000000000000888 -34909.22265625 303.73574101715274765 3776.754176973057838
3.7000000000000001776 -34912.109375 298.55562970451933325 2702.3358756819043265
3.8000000000000002665 -34911.35546875 297.92604675391459068 3550.5282973904313621
3.8999999999999999112 -34913.1953125 309.55052143820887522 4681.6700390801206595
4 -34916.13671875 305.07722856753366614 3586.7187643037923408
4.0999999999999996447 -34914.33984375 296.9501122103199009 4172.2709810888500215
4.2000000000000001776 -34913.49609375 305.48059276507717641 4288.2261825593832327
4.2999999999999998224 -34914.4765625 299.53395733722527439 3982.059781597879919
4.4000000000000003553 -34915.9609375 298.04803055546631185 3228.514512687282604
4.5 -34913.734375 304.58590314645471153 4497.9226280659650001
4.6000000000000005329 -34913.67578125 295.30586139167854753 2894.7929488127879267
4.7000000000000001776 -34910.8125 297.82028959696458514 3355.9705674276397076
4.7999999999999998224 -34912.72265625 309.72467833344461496 3374.8477102677970834
4.9000000000000003553 -34910.8984375 296.3049588836138355 3198.7109770229717469
5 -34911.40234375 300.23281024785177351 3635.6965749795240299
5.1000000000000005329 -34914.7890625 293.70291196942571332 3617.6889273053748184
5.2000000000000001776 -34915.40234375 300.47137517445702315 2457.6208133920636101
5.2999999999999998224 -34910.046875 303.10818101683270243 3199.6091541625760328
5.4000000000000003553 -34914.1875 298.51917512064034099 3111.0405551033936717
5.5 -34917.21875 298.80939208330590873 4008.371701345607562
5.6000000000000005329 -34915.5390625 300.65332751931805433 4254.6472091190880747
5.7000000000000001776 -34923.2265625 298.41766487801316998 3238.2233944126037386
5.7999999999999998224 -34920.66015625 301.04205257384541028 3620.084456013325962
5.9000000000000003553 -34918.6796875 302.16137593957154195 2593.4564923858370094
6 -34918.21875 298.62385358213521158 2916.3930048945076123
6.1000000000000005329 -34913.15234375 301.42564214364870168 3528.6958138827080802
6.2000000000000001776 -34915.40625 295.75112874899764392 2401.2296364591020392
6.2999999999999998224 -34918.9453125 301.18561459927997248 3352.5824801057447075
6.4000000000000003553 -34920.8359375 293.42689309657288277 2811.90356177235617
6.5 -34921.14453125 303.56274250122754665 2385.4983073912494547
6.6000000000000005329 -34920.6640625 297.06111185509735151 3391.9428284814357539
6.7000000000000001776 -34921.4765625 296.52837366023970844 2755.521107011136337
6.7999999999999998224 -34921.96484375 300.68733728531196903 3628.8397085726887781
6.9000000000000003553 -34920.6875 303.65651975175615007 3718.2069543173397506
7 -34926.5 300.08863680747487024 2793.8514195477541762
7.1000000000000005329 -34922.203125 304.13142984390458423 2573.3085172701880765
7.2000000000000001776 -34918.9375 298.76333778919939732 3678.0428049620745696
7.2999999999999998224 -34926.0625 296.98091414200746385 3733.9068106849017568
7.4000000000000003553 -34923.90625 299.76955130025993412 3482.5685649747506432
7.5 -34922.12890625 299.04471165546772227 3850.6647824447709354
7.6000000000000005329 -34917.8515625 301.70320118119110475 2881.7534400072704557
7.7000000000000001776 -34928.046875 301.3762390442400374 2976.3817960061296617
7.7999999999999998224 -34923.74609375 298.59108535210134505 3409.0929201446319894
7.9000000000000003553 -34922.71875 299.124561397742184 2838.0740740482397086
8 -34928.328125 298.18378145495734088 2720.7357749057105138
8.0999999999999996447 -34926.01171875 305.6997968956906675 4076.2708352549602751
8.1999999999999992895 -34929.734375 297.94921275494459678 2808.3282880246438253
8.3000000000000007105 -34928.34375 299.77360818936756459 3051.8150457656979597
8.4000000000000003553 -34930.4765625 307.5376662541232804 3054.914984532190374
8.5 -34924.36328125 300.41212427929121986 3170.6168337449521459
8.5999999999999996447 -34932.7421875 301.81859643911451485 2272.7346014764730171
8.7000000000000010658 -34929.91015625 297.72884027078885083 4049.3138964751437925
8.8000000000000007105 -34927.89453125 303.20873719309776106 2274.6125480231116853
8.9000000000000003553 -34928.8984375 296.63760221335161305 1763.7538647545484309
9 -34930.484375 308.81327812148111889 2766.7781504403578765
9.0999999999999996447 -34925.26171875 300.0249115938642035 1772.6074968308892039
9.2000000000000010658 -34929.0390625 295.53319894915568966 2560.544143246103431
9.3000000000000007105 -34926.0546875 299.50847991829323291 2962.5306690162547056
9.4000000000000003553 -34929.63671875 298.6557517389164218 2970.7408642954810603
9.5 -34930.03125 296.55784355802325081 1993.8237933885266102
9.5999999999999996447 -34925.12890625 301.0768328261718807 1799.3126333079278538
9.7000000000000010658 -34926.9140625 296.84610354668831178 2728.1540685164741262
9.8000000000000007105 -34930.015625 297.99081868486172198 2803.230414711963931
9.9000000000000003553 -34930.80859375 304.38855114506662858 3356.3372064059972217
10 -34930.48046875 302.11347363910800823 2987.0330565021636176
10.099999999999999645 -34928.4453125 298.70862097338590502 1962.9816998012638578
10.200000000000001066 -34928.7265625 301.17877275489087197 2365.3866202687795521
10.300000000000000711 -34928.62890625 297.2960735318101797 2786.1510785566547383
10.400000000000000355 -34930.1796875 302.16194062845488588 3028.8267528571700495
10.5 -34928.01953125 297.18514684621868582 3098.6064547935616247
10.599999999999999645 -34930.6796875 298.538359914325099 3405.7363350490636549
10.700000000000001066 -34929.11328125 302.63560822216362567 3015.9638645875811562
10.800000000000000711 -34929.85546875 297.5662685695827463 2677.8880558572118389
10.900000000000000355 -34930.01171875 302.07300118859444638 3863.0972569668479082
11 -34929.59765625 299.41017257189918155 2239.3958012235384558
11.099999999999999645 -34933.82421875 298.85327557281829058 1580.7508935029229633
11.200000000000001066 -34926.63671875 301.0182593160864144 3434.7423643067941157
11.300000000000000711 -34934.9296875 306.24312480404574899 2097.1675811036475352
11.400000000000000355 -34930.78125 296.54929760657120141 1913.1193146231889841
11.5 -34935.49609375 299.49110302820901097 2956.9384188683234242
11.599999999999999645 -34930.70703125 303.81513467492931113 4195.797246004382032
11.700000000000001066 -34931.109375 295.17801467697734097 2343.2360848127468671
11.800000000000000711 -34930.61328125 298.26674726771403812 3944.1751618522271201
11.900000000000000355 -34933.64453125 303.61821811822528616 3357.7694450552244234
12 -34935.10546875 297.49245372329784232 2227.4274958774517472
12.099999999999999645 -34932.87109375 304.23742674128720864 2277.0822054522795952
12.200000000000001066 -34930.66796875 296.79871181762382548 1971.1067091825680109
12.300000000000000711 -34937.3984375 299.21455718667579049 1894.7559848541018255
12.400000000000000355 -34928.0625 298.75607584710712672 3184.4984982994428719
12.5 -34932.41796875 297.97243853539157499 2494.6095320706826897
12.599999999999999645 -34927.8046875 301.20645103654214836 2750.5850047690751126
12.700000000000001066 -34931.6796875 300.74938471179916633 3695.088275887378586
12.800000000000000711 -34935.76171875 304.72295748287848483 3311.2211025527763013
12.900000000000000355 -34928.9453125 304.57675312700979475 3562.3187847619428794
13 -34928.46875 293.46520542401384546 3937.976178668909597
13.099999999999999645 -34935.61328125 303.00156375086430671 3250.2464793188228214
13.200000000000001066 -34930.25 302.37048124750913303 2957.1559920188478827
13.300000000000000711 -34934.61328125 300.02952420690417057 3158.347879999831548
13.400000000000000355 -34931.78515625 304.25760824823748862 3746.0846668568196947
13.5 -34927.18359375 296.95304359985397014 2805.8108507551733055
13.599999999999999645 -34937.46484375 297.56037288708688493 2929.4241577991192571
13.700000000000001066 -34933.89453125 298.40392732325130964 2585.8241253626815706
13.800000000000000711 -34931.0703125 299.1492667038043578 2562.9363806146097886
13.900000000000000355 -34932.0546875 301.10170259135156812 3846.5814049457017063
14 -34936.296875 300.17925328279306996 2044.9519640855712623
14.099999999999999645 -34930.62109375 302.48136514287494947 2887.9778199455436152
14.200000000000001066 -34930.2109375 300.05417178415876833 2418.2335952848361558
14.300000000000000711 -34932.16015625 298.73549114702547058 2903.6580100020610189
14.400000000000000355 -34934.71875 303.10520094480636999 4233.290910479869126
14.5 -34934.61328125 297.67602382237629399 2139.2691862469287116
14.599999999999999645 -34931.01171875 300.28590956614328888 2259.6561118389963667
14.700000000000001066 -34931.67578125 299.50820470055970191 3715.8056389945863884
14.800000000000000711 -34929.8046875 298.82753104524346099 2518.7485931337141665
14.900000000000000355 -34931.8359375 303.07155500965950523 2064.5983934875985142
15 -34933.69921875 300.01014427617610636 2719.3931373566874754
15.099999999999999645 -34927.6328125 302.74842790219344124 1144.9160391085561059
15.200000000000001066 -34933.49609375 299.2042039693679385 2944.5329827674795524
15.300000000000000711 -34931.94921875 298.73520789428715716 3872.2077811598110202
15.400000000000000355 -34929.390625 299.11633280623868814 2791.6690950499901192
15.5 -34932.36328125 292.44955941154478296 2309.8240661261247624
15.599999999999999645 -34935.4140625 303.1120584829795348 2677.7866158569272557
15.700000000000001066 -34937.01953125 304.0077706650492928 2882.7146132125535587
15.800000000000000711 -34936.15234375 293.00532713843574584 2716.4352618369307493
15.900000000000000355 -34935.87109375 299.95254005397970332 3017.1120073150927965
16 -34932.515625 301.0350911067990296 3243.4789269698876524
16.100000000000001421 -34934.4609375 292.59287812820377894 2424.8403033040317496
16.199999999999999289 -34936.375 300.7751927495053792 2010.136337030424329
16.300000000000000711 -34933.21484375 298.60084759814793642 2539.5582223812170923
16.399999999999998579 -34934.17578125 306.83676319204511174 3398.0858754633695753
16.5 -34929.97265625 296.51886415096981864 2766.2928199321577267
16.600000000000001421 -34933.3046875 297.5978439297030036 3245.6469400699702419
16.699999999999999289 -34931.375 305.20024615330640927 3038.8435726723873813
16.800000000000000711 -34935.21484375 303.03940496193655463 2610.9181968505936311
16.899999999999998579 -34934.09375 298.08679433163064232 3337.9969577179940643
17 -34930.30859375 304.28999716212973681 3595.7100178564319322
17.100000000000001421 -34932.63671875 298.73663590548068214 3561.0818814638478216
17.199999999999999289 -34937.25 299.82515510715381879 2550.8828221107801255
17.300000000000000711 -34938.85546875 296.04890080241642636 2504.6231281997579572
17.400000000000002132 -34935.42578125 300.9569014677689438 3562.0300210360892379
17.5 -34933.73046875 302.53393752501079916 1663.3464486901461896
17.600000000000001421 -34934.7734375 303.78059307586346449 2239.3432280631536742
17.699999999999999289 -34936.2578125 298.55820268788687599 3521.5719718559876128
17.800000000000000711 -34931.609375 301.89407206737712386 4407.6912073014455018
17.900000000000002132 -34935.5 302.60807063089674784 3372.9053976049767698
18 -34935.59375 299.10482127022947907 2964.1511859218271638
18.100000000000001421 -34932.2734375 302.64134586382363068 3146.2910154542396413
18.199999999999999289 -34936.28125 302.26451245982462979 2923.4725450535070195
18.300000000000000711 -34934.77734375 296.95765016661260915 2807.4923470550347702
18.400000000000002132 -34934.5 304.35457497456559395 1707.6953667995542219
18.5 -34936.953125 297.3521603056772733 2243.9691400637420884
18.600000000000001421 -34934.3125 295.32956596094504675 3862.5645499424804257
18.699999999999999289 -34932.578125 297.56134512651306068 2930.76135995804907
18.800000000000000711 -34936.19140625 297.65094847432322922 1795.8042371654016733
18.900000000000002132 -34936.5078125 296.28123893789552312 3184.0206874103719201
19 -34934.9140625 302.72206436656483675 2991.7566802786291191
19.100000000000001421 -34932.06640625 297.53111484529955533 621.72103863336246832
19.199999999999999289 -34934.09375 307.14050606375718644 3685.3992739791638087
19.300000000000000711 -34932.69140625 296.83231873907266163 3918.2695709629097109
19.400000000000002132 -34931.70703125 301.06716504703081227 2979.6059376685766438
19.5 -34935.609375 297.55008716784135459 3167.7780230701832807
19.600000000000001421 -34934.33984375 300.47132153289282996 2590.5018071872368637
19.699999999999999289 -34932.90234375 304.64033875340436452 2569.090303007374132
19.800000000000000711 -34935.44921875 297.31911167491506376 3666.5390572655869619
19.900000000000002132 -34933.06640625 301.66644396358441327 2740.5821096098220551
20 -34934.41796875 293.13521942970055534 2804.340303973610844
20.100000000000001421 -34935.61328125 300.85396524629391024 3032.584731176155401
20.199999999999999289 -34936.90625 302.41479080882675134 2099.1693137375364131
20.300000000000000711 -34937.328125 298.98994774608661373 1785.8778150752395959
20.400000000000002132 -34932.078125 303.73956658886612558 3306.5049285550194327
20.5 -34936.765625 301.63944795566379753 2459.1452792202990167
20.600000000000001421 -34935.58984375 299.71618981706620843 1398.844607228898667
20.699999999999999289 -34932.8671875 303.81046619101880424 3098.2390785340326147
20.800000000000000711 -34937.50390625 301.46056365610706962 2132.9301237697759461
20.900000000000002132 -34936.78515625 296.67995203480444388 1349.5751602152231499
21 -34933.45703125 304.63235205192148669 2725.3189920994545901
21.100000000000001421 -34933.08984375 297.79081882017931093 2129.7195930963148385
21.199999999999999289 -34940.0703125 301.09515616332970467 2091.5927174537559949
21.300000000000000711 -34939.42578125 296.19778687359445257 2479.5384182171119392
21.400000000000002132 -34932.69921875 298.48296368649118904 2726.6271636638080054
21.5 -34934.5703125 298.33492998130003571 3652.289571989144406
21.600000000000001421 -34940.73046875 303.7711299193567811 1981.2050397586572217
21.699999999999999289 -34938.69921875 301.85598397200493537 1689.6929382464470564
21.800000000000000711 -34930.5625 297.46482639167368234 2690.7397987632243712
21.900000000000002132 -34933.31640625 301.29098106130925316 1724.8506916598500993
22 -34937.58984375 295.01305198103563043 1507.8099359638949863
22.100000000000001421 -34934.20703125 296.43995594433749829 1817.5417600958301136
22.199999999999999289 -34932.921875 301.73353120645271019 2021.3821695171172905
22.300000000000000711 -34937.328125 298.40342840896954613 2469.9329698611841195
22.400000000000002132 -34934.20703125 303.2464470808725423 1318.6782556937362187
22.5 -34934.77734375 298.67168452032279902 2484.4204454372938926
22.600000000000001421 -34934.93359375 298.16011753067374457 3160.4699139484960142
22.699999999999999289 -34931.5625 303.08109238282304432 1407.7014504091291656
22.800000000000000711 -34935.0546875 299.23798990267175668 987.34557483385401611
22.900000000000002132 -34934.57421875 302.81592092830049978 2476.9818496593516102
23 -34937.5234375 294.76914059318613681 1965.5188350261480537
23.100000000000001421 -34937.140625 301.0985512952654517 1685.3070307778216375
23.199999999999999289 -34934.4765625 297.80801733694858058 2732.3907834401502441
23.300000000000000711 -34940.66796875 294.36478736505699771 1800.1918636814177717
23.400000000000002132 -34937.75 299.4099573842920563 1603.790539436896097
23.5 -34936.796875 304.03378567461413695 1300.2981885656449776
23.600000000000001421 -34933.34765625 295.56182779073077427 1349.0913449888539617
23.699999999999999289 -34936.15234375 300.74180620912261475 2847.5803134096095164
23.800000000000000711 -34936.4140625 302.94417669966480844 2749.8585568275630067
23.900000000000002132 -34939.07421875 296.61288388902386259 2359.1951304625245029
24 -34937.18359375 304.26478292385581881 1406.5964787747404898
24.100000000000001421 -34937.7890625 299.91785790901639075 2156.9297803878944251
24.199999999999999289 -34936.40625 298.22062874776139552 2582.10149224879342
24.300000000000000711 -34935.60546875 300.5014398500096604 1985.2135083083501286
24.400000000000002132 -34933.17578125 302.38357099712931131 2562.245204652926077
24.5 -34936.11328125 299.74237332085976959 2764.8031467797291043
24.600000000000001421 -34941.3828125 302.11577157328343901 1320.7874963963720347
24.699999999999999289 -34934.15625 303.53519290757890303 2200.5941544715856253
24.800000000000000711 -34936.56640625 301.00091726889991151 3002.23188747432323
24.900000000000002132 -34936.62109375 299.73303025949246603 1432.6826149413827807
25 -34935.796875 310.15682664553901304 2965.3155989918382147
25.100000000000001421 -34933.43359375 296.98248081869752468 3359.8200684998932957
25.199999999999999289 -34938.171875 302.63075239583764642 3702.2361915362671425
25.300000000000000711 -34934.2109375 301.56426973289615034 3298.6018402159002108
25.400000000000002132 -34933.3203125 297.59870990172152005 1690.8465873270924931
25.5 -34932.3203125 291.16658862065730773 1115.16832068359804
25.600000000000001421 -34933.40234375 303.64355141827741136 2050.982451889487038
25.699999999999999289 -34934 301.82003136765990803 2855.7705775923050169
25.800000000000000711 -34937.07421875 296.75774538309366335 1878.4105055133097721
25.900000000000002132 -34939.15234375 302.48774097729585719 2044.0303991945186226
26 -34934.5859375 301.86440392355859785 1893.5459268130457531
26.100000000000001421 -34939.453125 301.4926094267536314 1877.0130399496265454
26.199999999999999289 -34935.8203125 301.51808296376788121 3088.120063114628465
26.300000000000000711 -34939.0625 298.81481018080313561 3195.2553507623324549
26.400000000000002132 -34936.078125 298.82431772572596174 1831.5176293803749559
26.5 -34933.93359375 300.42015524199882748 1870.5658717734904712
26.600000000000001421 -34936.53515625 302.75958034744752467 936.07774089159818232
26.699999999999999289 -34941.78125 297.05956705286365604 3071.8268113078866008
26.800000000000000711 -34935.8515625 298.32235866538786695 3009.0463415839726622
26.900000000000002132 -34936 299.68545817956311339 1755.863273351359112
27 -34933.91796875 301.34957737954306367 2472.8324237785805053
27.100000000000001421 -34940.77734375 298.78908923515092511 2521.2867403716572881
27.199999999999999289 -34939.19921875 301.87931935029712349 2046.7748275983340136
27.300000000000000711 -34937.12109375 302.56223458864718623 2821.1207160261442368
27.400000000000002132 -34936.55078125 298.02747665928092147 1788.1341209642428112
27.5 -34939.4921875 294.44063372092580266 3063.2450453153969647
27.600000000000001421 -34936.78515625 302.09872524760669421 3850.6979946436595128
27.699999999999999289 -34937.58984375 297.08721906337234486 2152.8539940885571013
27.800000000000000711 -34936.0703125 297.12160698056135288 2741.4445211112806646
27.900000000000002132 -34939.89453125 305.1754497248960547 3771.209542400592909
28 -34940.0859375 294.47324989104265569 2629.9493066429481587
28.100000000000001421 -34938.8046875 298.80660498847254303 3239.0368307191442909
28.199999999999999289 -34936.95703125 301.84696196246284217 2628.7933805732295696
28.300000000000000711 -34938.01171875 302.67123414424008843 2109.5218505241227831
28.400000000000002132 -34938.74609375 297.41636259720291946 2991.546256077092039
28.5 -34936.3828125 301.15532447903359525 2554.153245728206457
28.600000000000001421 -34937.60546875 301.408526261148495 2821.0198416079201706
28.699999999999999289 -34940.24609375 304.02029527215859162 3113.5207413370121685
28.800000000000000711 -34939.2578125 294.45629225366081982 2386.3951179103428331
28.900000000000002132 -34934.53125 300.10090292535068102 2412.8999377215050117
29 -34938.90234375 300.97859066936871386 3280.2795808181072061
29.100000000000001421 -34936.2578125 302.54005908150833193 2365.3556527865071075
29.199999999999999289 -34933.89453125 299.33289123467756099 1681.9282880965347431
29.300000000000000711 -34937.7734375 298.64870037576213235 3035.6234902311248334
29.400000000000002132 -34940.75 294.65909370729707462 2627.0204400418515434
29.5 -34938.1640625 299.246870853554924 2675.7001498966715189
29.600000000000001421 -34939.0078125 301.7702844863645737 2496.2537562423572126
29.699999999999999289 -34942.375 294.39892206362458182 2906.4014209672232028
29.800000000000000711 -34937.4765625 297.43391647271334932 3307.3211558561511083
29.900000000000002132 -34939.203125 302.7175053429741638 2533.9934137343052498
30 -34940.01171875 298.96113581463220044 1650.1059514332273466
30.100000000000001421 -34938.71484375 295.25319452983018209 3261.2894043664809942
30.199999999999999289 -34936.73046875 302.33050982147750574 3993.3076087708714113
30.300000000000000711 -34939.8359375 298.14160698131843219 1817.9376850037526765
30.400000000000002132 -34941.98046875 295.44332945260856604 2565.3939661675831303
30.5 -34938.83984375 303.59049835455209632 2433.5609586037048757
30.600000000000001421 -34942.16015625 299.52116138557926206 2493.6686748343686304
30.699999999999999289 -34939.81640625 301.85765541879447937 2756.5530407761598326
30.800000000000000711 -34933.84765625 298.46538244962255249 2396.1890478614254789
30.900000000000002132 -34937.5546875 301.36851914209188408 3061.6158294631645731
31 -34941.19140625 301.55756650585101397 3992.2265153917446696
31.100000000000001421 -34941.09375 299.83189840753192357 2801.0834138333702867
31.199999999999999289 -34934.62890625 303.74911182540057553 2620.7651419357835039
31.300000000000000711 -34937.0078125 301.01377694199766211 1840.1386276340583663
31.400000000000002132 -34936.01171875 296.56062342000996068 1639.3962267145359419
31.5 -34934.8125 307.67789740693672229 2181.5800311682137362
31.600000000000001421 -34935.98828125 299.29746875106030757 2277.7065589228386671
31.699999999999999289 -34941.22265625 299.81595613579082737 2094.1246117600294383
31.800000000000000711 -34937.33984375 305.00678316118955991 2682.1660876273613212
31.900000000000002132 -34937.93359375 298.56239438891924465 1521.0412381151948011
32 -34938.2421875 298.59177585459701731 2607.6383382799999708
32.100000000000001421 -34938.71484375 297.28609752113879949 1623.1309363174893861
32.200000000000002842 -34940.12890625 293.66857201974812597 2405.5271794457853503
32.299999999999997158 -34938.55859375 300.18697794103661636 2883.750028984133678
32.399999999999998579 -34939.68359375 302.69228338339053153 850.65908726275199569
32.5 -34933.38671875 301.30129294917475136 2463.5440089294543213
32.600000000000001421 -34936.3828125 294.25453833673111603 2616.039253635730347
32.700000000000002842 -34938.12890625 300.91727598033622826 1815.3463901982304378
32.799999999999997158 -34937.21875 303.21413733162933113 1427.6365820859111864
32.899999999999998579 -34938.21484375 296.2734983742230952 2312.8175167640674772
33 -34936.29296875 295.27402043292084954 2400.6797537816314616
33.100000000000001421 -34933.37109375 302.97014737228613512 3122.101706343902606
33.200000000000002842 -34938.96875 301.03009164027946554 2027.5175617935558421
33.299999999999997158 -34940.1484375 303.17013536143502961 2153.9253953897359679
33.399999999999998579 -34934.390625 304.84120928138361251 2604.5547344351170977
33.5 -34934.609375 295.63760368983679427 1985.6968025507485436
33.600000000000001421 -34938.8046875 303.73097598619011706 2711.0972256668642331
33.700000000000002842 -34938.62109375 302.55385023337652228 2405.8105438852849147
33.799999999999997158 -34942.22265625 300.46391976193433493 1101.7911442560782689
33.899999999999998579 -34937.453125 305.90048419787592593 1803.0279548071880527
34 -34937.25390625 303.40038149845861426 2864.8058692888598671
34.100000000000001421 -34938.90234375 296.97706823676503518 2279.6430666947485406
34.200000000000002842 -34938.70703125 299.549426453626495 2712.2234174008290211
34.300000000000004263 -34937.109375 307.59677521377528819 2762.0925971037122508
34.399999999999998579 -34937.43359375 297.49967711243402846 2080.8565829546096211
34.5 -34943.9296875 304.5204031263429556 3352.431988561333128
34.600000000000001421 -34936.43359375 299.63969436979698457 3350.2224015366973617
34.700000000000002842 -34940.70703125 302.42491682186312119 2610.3827906404899295
34.800000000000004263 -34939.33984375 298.36074020032503995 3021.5325198406985692
34.899999999999998579 -34937.17578125 301.28130981582046388 1979.5324341319605992
35 -34940.25 295.26083445848394149 2744.3274248815564533
35.100000000000001421 -34937.19921875 300.39085646546982389 3113.105703111924413
35.200000000000002842 -34943.01953125 304.02169612007924115 1852.0627187960783431
35.300000000000004263 -34942.375 297.34267922392945138 3010.1915478212381458
35.399999999999998579 -34939.55078125 302.10615412893963594 2137.2392068786948585
35.5 -34941.828125 296.40499904095383954 1693.4692467429154021
35.600000000000001421 -34944.21484375 299.9165059736496346 2835.1437817174114571
35.700000000000002842 -34938.1171875 298.60399870130822819 2944.6702620191554161
35.800000000000004263 -34932.953125 301.50723098218026053 1438.7989741937808503
35.899999999999998579 -34936.93359375 299.30393744676615597 2600.8752983703348036
36 -34939.51953125 301.99548005714035526 2629.6077043921850418
36.100000000000001421 -34940.30859375 297.3510336209376419 2433.3064955044587805
36.200000000000002842 -34942.78125 300.23283570917118368 2157.7995295708619778
36.300000000000004263 -34939.91796875 302.11720027555105617 1718.7929936773973623
36.399999999999998579 -34936.8125 295.97640386260644618 2177.9738063030254125
36.5 -34939.82421875 300.1423011948227213 3055.0237404156268894
36.600000000000001421 -34936.4375 297.97697878906535607 1721.1381179602644806
36.700000000000002842 -34940.90234375 295.83803391549434991 1021.1554475187050457
36.800000000000004263 -34939.0390625 297.09715239603241344 1269.6100876251678073
36.899999999999998579 -34937.71484375 302.98543251053047243 1558.8834413826612035
37 -34940.96875 294.36065318832788762 1259.5957949575956718
37.100000000000001421 -34938.13671875 297.03471988271280679 1457.7734744481761027
37.200000000000002842 -34941.70703125 303.59018395693880166 2796.2777099471736619
37.300000000000004263 -34944.2734375 297.24234867993516218 3352.3460327271118331
37.399999999999998579 -34939.65625 300.75348340027750282 2674.2622305492109263
37.5 -34940.8671875 299.53289863081351996 2260.9563432290874516
37.600000000000001421 -34935.9375 304.29106911207236408 2657.3670690281414863
37.700000000000002842 -34936.7421875 299.608600900569229 3248.6788814090173219
37.800000000000004263 -34941.37109375 296.48446449389098234 2499.6518824801041774
37.899999999999998579 -34941.5234375 293.37575671610500194 3240.389959302873649
38 -34939.640625 300.24575489073436074 3237.9427432210268307
38.100000000000001421 -34943.4453125 305.33785632618400996 2721.2508309417908094
38.200000000000002842 -34943.6171875 299.90705955703668906 2505.4853826368539558
38.300000000000004263 -34940.31640625 299.15978667237590116 3149.1371471836669116
38.399999999999998579 -34938.32421875 300.47485397570551413 3464.3655009083463483
38.5 -34943.91015625 303.09822746102622659 2074.5926099395210258
38.600000000000001421 -34941.32421875 298.5382601824072708 2072.8357980309715458
38.700000000000002842 -34942.6640625 306.65516886427997179 2724.6791416363585085
38.800000000000004263 -34938.8203125 298.1028522077461389 2219.6620601986942347
38.899999999999998579 -34938.8671875 299.24035856273917489 2743.3302017846831404
39 -34936.1953125 300.47521065619298497 3401.4015985295004612
39.100000000000001421 -34939.52734375 299.06237603607058873 2690.9538467995225801
39.200000000000002842 -34941.17578125 302.63647678515559392 3761.1122812532062198
39.300000000000004263 -34938.48828125 301.27371290052803943 2887.704711828827385
39.399999999999998579 -34940.859375 299.01069730430725713 3078.9077751646505021
39.5 -34939.76953125 300.34979219102916659 2186.6806700536963035
39.600000000000001421 -34938.05859375 301.61207457498721851 1798.1764410632322324
39.700000000000002842 -34943.171875 298.35427515494353656 2891.7664281258203118
39.800000000000004263 -34940.0546875 302.71704384685995137 2827.4063673615555672
39.899999999999998579 -34937.5234375 298.96324440186810989 2489.3928548480671452
40 -34941.94140625 302.6854574616171476 3166.4287895845855019
40.100000000000001421 -34940.6875 296.00196028746847787 2209.9894152125580149
40.200000000000002842 -34937.3046875 300.24151788881431457 1356.6992700166240411
40.300000000000004263 -34940.1171875 298.060939533800763 2072.2051465306371938
40.399999999999998579 -34947.22265625 296.86159794149898516 2438.4218029081312125
40.5 -34941.3203125 300.17444254340125553 2697.4435727777799912
40.600000000000001421 -34936.31640625 296.93898944853071953 2575.8559574575670013
40.700000000000002842 -34935.6171875 302.69386570948216786 2147.8740942149602233
40.800000000000004263 -34943.7734375 303.00401612920620664 765.93194840224919062
40.899999999999998579 -34942.59765625 298.40772244894679943 1673.0871869362497364
41 -34936.00390625 299.24247067906213715 1709.4773850111266711
41.100000000000001421 -34938.79296875 299.51618115637461415 1751.9876520325208276
41.200000000000002842 -34940.31640625 301.4162309299640583 3113.8399603977113657
41.300000000000004263 -34940.6875 304.17581736120007463 2128.7225732620249801
41.399999999999998579 -34942.6875 298.08507012707366357 2140.1752876425011891
41.5 -34940.421875 301.53710791602048857 2902.4380652251134052
41.600000000000001421 -34935.53515625 299.06536046843206123 1409.4829531017571753
41.700000000000002842 -34943.86328125 298.53399930829436926 2128.9119514945955416
41.800000000000004263 -34941.390625 296.15508736190480477 2745.8402037680393732
41.899999999999998579 -34933.015625 296.91599016310664183 2487.6349569853264256
42 -34939.58984375 298.61524681299459871 2416.4795941488127937
42.100000000000001421 -34944.06640625 305.18369381174744603 2424.6611477252158693
42.200000000000002842 -34938.35546875 302.60388784499616577 2469.433450993949009
42.300000000000004263 -34941.38671875 300.58116861214426763 3712.2201532447497812
42.399999999999998579 -34939.1875 298.62241545845103019 3475.2191587175648237
42.5 -34942.09375 306.54899364408879592 2964.664528615796371
42.600000000000001421 -34941.9765625 296.92969905431812094 3268.1912083903498569
42.700000000000002842 -34941.9609375 304.42811117876362914 2462.981981628642643
42.800000000000004263 -34938.78515625 301.79279000397093569 2757.4264340521349368
42.899999999999998579 -34939.640625 297.56483156713471772 2387.8402760473290982
43 -34941.05078125 301.87363542101769553 2004.6062984650661747
43.100000000000001421 -34939.84375 305.79111349470230152 2362.2215253627973652
43.200000000000002842 -34939.35546875 301.27126520872576521 2061.8243195010409181
43.300000000000004263 -34939.98828125 303.94180771597501689 1794.0948733209268084
43.399999999999998579 -34939.96875 295.24054696424184385 1749.9518550118700659
43.5 -34939.6484375 301.51344300503666318 2372.4554262893871055
43.600000000000001421 -34937.84765625 296.57650666387047522 3324.6235003391889222
43.700000000000002842 -34941.48828125 300.74705029852668758 1710.7742857912915042
43.800000000000004263 -34939.47265625 304.91342095580796467 1194.8596024800629039
43.899999999999998579 -34939.4609375 297.10982344256160559 2622.3277290153000649
44 -34938.46484375 298.71233286325059453 2848.9118173606971141
44.100000000000001421 -34940.18359375 301.31301767392727697 1511.1774511097901268
44.200000000000002842 -34939.046875 299.74593501869424017 2310.1902123489567202
44.300000000000004263 -34945.16015625 298.80061251063079908 2606.7895449307402487
44.399999999999998579 -34941.94140625 303.07382990636261866 3261.932183814504242
44.5 -34943.84375 303.63222214681377409 3596.1768877138442804
44.600000000000001421 -34941.87890625 301.49423969930649037 3439.6002830546453879
44.700000000000002842 -34939.390625 301.51841697394218045 2808.7564454494686288
44.800000000000004263 -34943.390625 293.96675716043006332 3656.3913167582554706
44.899999999999998579 -34941.79296875 295.48061856044165552 3107.2070780142894364
45 -34939.96875 302.94343714522443634 1845.1216287457871204
45.100000000000001421 -34939.3828125 301.48137030095296041 2701.9140917965719382
45.200000000000002842 -34943.5625 297.30173872121520162 2272.237141748970771
45.300000000000004263 -34941.75390625 303.74182765031162035 1946.5705315965633417
45.399999999999998579 -34939.96484375 299.794948150012317 2995.1653218290853147
45.5 -34939.40625 298.13139861788556573 2515.1876785048584679
45.600000000000001421 -34939.15234375 297.66473796320553902 2477.682306128959226
45.700000000000002842 -34935.59765625 299.24295051765835751 2488.2901889745126027
45.800000000000004263 -34940.80859375 294.53509810473047992 2030.6982216861158577
45.899999999999998579 -34939.87890625 299.46188151797025512 664.13667943474035837
46 -34938.82421875 297.62181079210637336 1916.8955379888202515
46.100000000000001421 -34937.51953125 297.70524425248112266 3103.3825189773647253
46.200000000000002842 -34935.58203125 301.70469032895351802 2420.1157192770938309
46.300000000000004263 -34940.6953125 298.73544558082932099 1889.5932241608461482
46.399999999999998579 -34938.46484375 298.26259692478021179 2712.091809353451481
46.5 -34940.24609375 301.12432235461511709 2912.2875630772459772
46.600000000000001421 -34941.640625 294.90854777407162146 2125.4666748535773877
46.700000000000002842 -34939.609375 301.83466108709973241 2425.2913468470255793
46.800000000000004263 -34939.15625 297.68246078819106515 2118.6912424369911605
46.899999999999998579 -34939.6171875 298.67924891970443468 2338.3492665504081742
47 -34940.2109375 299.8001285440849415 2350.6955938385240188
47.100000000000001421 -34938.53515625 302.18364652108397195 1102.0468281515663875
47.200000000000002842 -34938.18359375 303.7606158016004656 2610.1918928664358646
47.300000000000004263 -34941.83984375 301.04998962807138696 3205.7226349860966366
47.399999999999998579 -34940.99609375 296.35013294968047148 1993.3101606134146095
47.5 -34935.140625 299.26981804842114343 1653.7797991858376463
47.600000000000001421 -34940.80078125 298.90158934308919925 2057.1817262466424836
47.700000000000002842 -34943.59375 297.69732963648863233 1177.7228098748132652
47.800000000000004263 -34936.79296875 298.47914258867598392 1935.8928283852978893
47.899999999999998579 -34940.265625 302.7408464251182636 1073.2224559676526496
48 -34938.7734375 300.51287623488508416 2350.0573413737988631
48.100000000000001421 -34937.75390625 306.06484126363164933 3290.6859051387386899
48.200000000000002842 -34940.5703125 299.80145277732128761 1674.9132111573080692
48.300000000000004263 -34944.4765625 300.93937869388787476 2536.7407812405431287
48.399999999999998579 -34941.7734375 306.29997693707395001 2278.3127857604436031
48.5 -34941.08984375 299.90549173079938328 2668.735026499585274
48.600000000000001421 -34940.56640625 295.54833128852033042 2310.4861475238540152
48.700000000000002842 -34942.84375 304.25193697597973141 3290.2604472927268944
48.800000000000004263 -34938.7109375 294.57612039318348707 3452.1592404414418525
48.899999999999998579 -34940.109375 304.8553223370250862 2427.2027087519886663
49 -34941.70703125 294.40277961267975115 2460.4761910058205103
49.100000000000001421 -34942.9296875 302.58626166727805185 2889.863045737612083
49.200000000000002842 -34942.96875 302.5518734526808089 2956.7041175386589202
49.300000000000004263 -34943.11328125 297.49084732994055003 2270.738643901827345
49.399999999999998579 -34938.02734375 301.8483299738243204 1048.7648829285001284
49.5 -34941.578125 296.59558434180786435 3174.9917984781518498
49.600000000000001421 -34942.94921875 302.71736365588907347 3915.5660517041465027
49.700000000000002842 -34941.10546875 304.36152805932408683 1638.0391805204940283
49.800000000000004263 -34941.18359375 299.66392476805697243 1864.2846361647057165
49.899999999999998579 -34942.1484375 298.45295161758753011 2707.9325352170294536
50 -34940.15625 305.19239710235677876 1035.663713120445891
50.100000000000001421 -34942.69140625 301.83037866676750127 2300.7428111607396204
50.200000000000002842 -34940.66015625 299.60355683917140368 2904.1780249904691118
50.300000000000004263 -34938.3671875 301.23631071357641531 1695.7607347328735159
50.399999999999998579 -34942.3203125 300.6101378430502109 2027.7135214172919859
50.5 -34939.0234375 301.71623721171658872 2906.1349189976313028
50.600000000000001421 -34940.62109375 302.36772535150970498 2020.9336646338094852
50.700000000000002842 -34942.53125 300.08202828309606502 2940.2038124739333398
50.800000000000004263 -34937.54296875 300.8259463448846418 3055.8099737351626572
50.899999999999998579 -34938.58984375 297.90483420724302732 2462.357815441155708
51 -34943.8046875 304.96259124820056741 2103.391345113240277
51.100000000000001421 -34939.25390625 294.15613549205085064 2580.7253778914800932
51.200000000000002842 -34941.57421875 305.81112981319648725 1775.2351565329317964
51.300000000000004263 -34940.5078125 296.39931682286089654 3091.9221176331379866
51.399999999999998579 -34940.484375 305.00706854866859885 2186.7989056207634349
51.5 -34938.10546875 299.12637695608037802 2153.6692478817544725
51.600000000000001421 -34937.2578125 295.01561740171985093 2613.7385115483320988
51.700000000000002842 -34937.80859375 304.52123666320960638 3089.9306342387703808
51.800000000000004263 -34940.390625 296.88483458284417793 2453.9136654239141535
51.899999999999998579 -34939.98828125 299.90184751710165756 1744.527482003113164
52 -34935.87109375 304.66073580010834121 2871.3441694691273369
52.100000000000001421 -34936.11328125 301.95179963867246897 2745.5773194089215394
52.200000000000002842 -34940.60546875 303.94395029077708159 2468.268805516356224
52.300000000000004263 -34940.3203125 298.12486872899398804 2528.7760795767080708
52.399999999999998579 -34939.34375 298.45082131880599263 2934.021449456530263
52.5 -34939.88671875 303.69940998203782101 3128.6579092880592725
52.600000000000001421 -34939.03125 297.92322364576540394 3139.0902629916558908
52.700000000000002842 -34944.05859375 300.03921149499774401 3093.3264855744255328
52.800000000000004263 -34938.140625 299.75472072797060719 2727.2396926147848717
52.899999999999998579 -34937.5625 298.93835994209501905 2509.2366115658319359
53 -34945.515625 297.7840300303602703 2836.9855304952384358
53.100000000000001421 -34941.68359375 300.32849617468031056 2090.750757806724323
53.200000000000002842 -34941.19140625 301.3184725428790216 2996.644769268312757
53.300000000000004263 -34943.23828125 304.03840436090706589 2669.302230649395824
53.399999999999998579 -34937.421875 303.86467561596464293 1871.7806898321689459
53.5 -34938.92578125 294.7715648299911777 3019.6421255997365733
53.600000000000001421 -34943.46875 302.24484133594393143 3254.6814652316797947
53.700000000000002842 -34938.3828125 305.35936687378682564 2857.4780497276533424
53.800000000000004263 -34941.1328125 300.27309896955847535 3270.3982157095388175
53.899999999999998579 -34940.78125 299.94938625599138504 4340.044716410363435
54 -34938.94921875 300.16135901727716373 3800.1713357005592115
54.100000000000001421 -34946.9140625 298.36897618913036467 2441.2492440726309724
54.200000000000002842 -34941.6796875 299.02302124622809743 3355.07183070415158
54.300000000000004263 -34939.8515625 303.62207162160166263 3759.6458527093077464
54.399999999999998579 -34943.3515625 298.28090906666767523 2659.7835763151897481
54.5 -34938.921875 295.89210692349695364 2440.3713602824359441
54.600000000000001421 -34940.2578125 306.02010868754865669 3467.7815472114639306
54.700000000000002842 -34935.7734375 301.81672935127301116 3297.3868155044024206
54.800000000000004263 -34938.9140625 299.87774324361504341 2998.0359728381008608
54.899999999999998579 -34936.921875 298.27680087667124553 3461.1122325316246133
55 -34932.65234375 298.39804020000798346 2438.5338020000044708
55.100000000000001421 -34936.95703125 300.80663374620206696 1852.3793846667483649
55.200000000000002842 -34940.421875 299.53963482568508425 2050.5442621356396558
55.300000000000004263 -34938.65234375 303.9276235546396947 2831.3168297352108311
55.399999999999998579 -34936.68359375 296.43645395071274606 3010.7266035589677813
55.5 -34936.88671875 304.21362528812727533 3182.7530048664502829
55.600000000000001421 -34938.515625 298.17285404215493827 3355.882908611351013
55.700000000000002842 -34939.140625 301.35581665108566085 2433.1884385342905261
55.800000000000004263 -34937.58984375 297.59020391112903781 2814.366471826067027
55.899999999999998579 -34940.43359375 297.73981547461642094 2100.6015650642443688
56 -34936.0625 301.09128160782825034 2845.6575779575173328
56.100000000000001421 -34939.25 297.03189629556163709 1989.5591581682533615
56.200000000000002842 -34936.359375 295.84687461760432825 1394.5572952314105351
56.300000000000004263 -34940.9921875 303.19664514370253983 1914.8596649279429585
56.399999999999998579 -34941.046875 293.73397738538938029 2188.2599596573413692
56.5 -34936.625 296.24329610505577648 3494.2473410254283408
56.600000000000001421 -34939.48046875 303.15620037415305887 2986.475810893256039
56.700000000000002842 -34943.66796875 302.52121127375949072 2459.9307246476751061
56.800000000000004263 -34940.50390625 297.33154744919596624 2708.6135813495243383
56.899999999999998579 -34941.0703125 303.66791117439078107 3789.5902936444967963
57 -34940.0234375 299.24903313713718944 3123.6299884649729393
57.100000000000001421 -34938.90234375 301.98387397797159792 2784.8907214498635767
57.200000000000002842 -34936.40625 302.02090442166354478 3593.7741032397234449
57.300000000000004263 -34937.9296875 295.05671580959341327 2623.1567990064781952
57.399999999999998579 -34940.484375 304.10000077327441659 1228.8492649298509605
57.5 -34940.671875 295.55286717721992318 2957.3612134928534942
57.600000000000001421 -34942.20703125 299.76153118324572233 3202.3729199258177687
57.700000000000002842 -34937.71875 299.3258415505334824 2795.5817930765151687
57.800000000000004263 -34941.8359375 301.98988286384684443 2677.2038462841551336
57.899999999999998579 -34938.9375 297.62903439978646247 2178.9972399599141681
58 -34937.8203125 306.42737318550331338 2127.7196254869486438
58.100000000000001421 -34942.2265625 302.24594786650288825 2230.7958420076024595
58.200000000000002842 -34940.3046875 299.49259212780691541 2908.6388650315798259
58.300000000000004263 -34935.953125 303.71545876736814762 2761.6579083543929301
58.399999999999998579 -34936.046875 295.34459515658147666 3045.1833236935349305
58.5 -34943.20703125 301.50227578502517645 2722.618772081451425
58.600000000000001421 -34941.62890625 300.36588068053890765 2285.2550567157104524
58.700000000000002842 -34938.47265625 302.49262135512719851 1810.6473037712466976
58.800000000000004263 -34940.41796875 296.00353187008687428 1795.5859497662429476
58.899999999999998579 -34937.39453125 300.20385385648677357 2355.3228878457084647
59 -34938.3671875 300.83495303803232446 2061.2942811967736816
59.100000000000001421 -34939.140625 294.98901554956637483 2409.0714381167886131
59.200000000000002842 -34941.05078125 302.04477997176144299 2378.8594787507004185
59.300000000000004263 -34940.16796875 298.35984333498834076 2168.810542892567355
59.399999999999998579 -34937.25 301.90235296717889923 1287.1427066877183734
59.5 -34935.921875 295.28790590032446062 1599.8908208722016298
59.600000000000001421 -34942.27734375 300.87098217497646147 2309.5199764541780496
59.700000000000002842 -34935.15234375 299.30772043376850888 1389.1891906093051148
59.800000000000004263 -34937.421875 292.00419083696920097 2142.9555686669195893
59.899999999999998579 -34939.2265625 300.26514560101867346 2330.5436965952931132
60 -34937.046875 300.53963285497616198 1593.1442086759145695
60.100000000000001421 -34942.11328125 299.94597273075413568 1422.8429004454437745
60.200000000000002842 -34938.58984375 297.03343483111683554 2517.1916142586751448
60.300000000000004263 -34937.41015625 303.00073489011947458 1427.7187332678233815
60.399999999999998579 -34938.81640625 302.5290968820316948 2366.0280193032367606
60.5 -34939.07421875 298.49828026742557086 2395.7808401149036399
60.600000000000001421 -34937.9140625 303.40709456198533189 1915.5543282099472435
60.700000000000002842 -34939.85546875 306.92834696368737468 3262.6333347370223237
60.800000000000004263 -34935.5390625 294.36301475488500046 2054.5365523135528747
60.899999999999998579 -34936.1953125 302.05294675537641069 1485.6000379522624826
61 -34939.44921875 295.10490748659913152 2951.1250277552808257
61.100000000000001421 -34940.62109375 304.7538035355574948 2678.7516096375888992
61.200000000000002842 -34938.87890625 301.09461699821906677 1062.5157504377623354
61.300000000000004263 -34940.8046875 293.65342341780200286 2766.4714192656520027
61.399999999999998579 -34941.92578125 300.77645288306075599 2459.5056313573422813
61.5 -34938.40234375 299.56070050080290912 2912.145247310677405
61.600000000000001421 -34941.30078125 293.18941688660947875 2021.7757557156201074
61.700000000000002842 -34941.54296875 304.98490778928101008 2119.4664726678247462
61.800000000000004263 -34937.62109375 296.48693590306402257 3739.6953751971568636
61.899999999999998579 -34937.19921875 304.5507893127324337 3466.8751234163673871
62 -34939.58984375 298.98503178520815027 2040.6578360333487581
62.100000000000001421 -34937.94921875 298.49074450471499631 3034.5103088259297692
62.200000000000002842 -34936.91015625 302.36331552835230241 2741.0369723098419854
62.300000000000004263 -34938.83984375 300.85772901197429974 2091.0444311465666942
62.399999999999998579 -34937.9921875 294.30297937221581606 2833.6245200062908225
62.5 -34938.34375 304.88747062830725554 3044.6620544012234859
62.600000000000001421 -34935.20703125 297.5121458248489148 2870.7036782246586881
62.700000000000002842 -34941.0390625 297.04379813616213823 2775.5983551702893237
62.800000000000004263 -34940.765625 293.09101385537530859 2865.8918920241098931
62.899999999999998579 -34941.33984375 303.36331718037303062 2673.9063547655059665
63 -34938.359375 302.6777579065746977 2682.5855317078626285
63.100000000000001421 -34940.23046875 294.60177730144926045 2803.3509785254227609
63.200000000000002842 -34935.2421875 294.97127051294779676 2241.3194406194866133
63.300000000000004263 -34935.73828125 299.0851197382518194 2053.5330909691706438
63.399999999999998579 -34942.95703125 300.46818917099597002 3144.502820471574978
63.5 -34942.4296875 297.99310944895483999 2096.0630392822895374
63.600000000000001421 -34936.578125 297.70551186941753485 2055.1775762252905224
63.700000000000002842 -34943.30859375 296.3333356429492369 2482.2183173013545456
63.800000000000004263 -34941.48046875 299.50703889091317933 2313.8978475613066621
63.899999999999998579 -34938.578125 299.21260161445570702 2088.1074105197508288
64 -34942.4765625 296.78993090209451111 2762.9988990176166226
64.099999999999994316 -34941.625 298.26342514897083902 3078.0713624769023227
64.200000000000002842 -34939.9921875 300.23332863385422797 3307.3346655095529059
64.299999999999997158 -34946.734375 300.92847638901815799 2680.5779014605795965
64.400000000000005684 -34939.11328125 299.85169764322546371 3118.8706745367685471
64.5 -34938.95703125 300.34540793651984814 1748.391612035940625
64.599999999999994316 -34938.56640625 294.55191830896535521 2376.3075690196542382
64.700000000000002842 -34942.93359375 299.95391744091557484 2645.0480183104004936
64.799999999999997158 -34936.546875 300.39281838301138805 1443.072133379223942
64.900000000000005684 -34943 299.7837379241066742 2843.4041928196288609
65 -34942.3125 298.72846181189953541 2931.8994243167558125
65.099999999999994316 -34936.2421875 298.92613359037181908 1610.7956155786519048
65.200000000000002842 -34939.11328125 299.29248948793690488 2962.6184408025469565
65.299999999999997158 -34937.95703125 303.41133493460455384 3750.42060636738006
65.400000000000005684 -34940.46484375 302.90791189023707375 2393.4156603192736839
65.5 -34941.3203125 297.37506461191765084 2785.3961370980714491
65.599999999999994316 -34938.2421875 304.62540682969120098 1507.7929277945058857
65.700000000000002842 -34935.62109375 296.42286241612799813 2197.855028155531727
65.799999999999997158 -34941.10546875 302.06681768476659045 1959.5387109407781736
65.900000000000005684 -34935.8984375 302.51810830663896468 2270.4190955162071077
66 -34941.109375 298.55934439069176278 2876.6072387126296235
66.099999999999994316 -34938.3515625 302.81865954085071735 3028.0834483359308251
66.200000000000002842 -34940.875 295.1075212631627096 2303.3624982864143931
66.299999999999997158 -34942.26953125 299.17739843975334679 2214.4939863247764151
66.400000000000005684 -34939.75390625 304.37669748613205911 2258.930475641621797
66.5 -34942.86328125 297.87466280425888954 2221.4204329504518682
66.599999999999994316 -34939.96484375 297.06144543028381122 1980.9012991709166727
66.700000000000002842 -34936 296.21058429805611922 2659.2170995043993571
66.799999999999997158 -34943.55078125 298.44109750632259193 2582.1497553196877561
66.900000000000005684 -34938.8125 295.74225800552363808 2462.9047727381134791
67 -34939.3828125 302.06989491176454976 2025.9743615721133665
67.099999999999994316 -34937.2734375 292.52323146173210944 1766.3986081757639113
67.200000000000002842 -34940.6875 306.83657544858363053 2452.8687726248217587
67.299999999999997158 -34938.01953125 298.73203341353217866 3176.1704462335819699
67.400000000000005684 -34945.40234375 300.3177919897577226 3244.9663735463404919
67.5 -34941.09765625 296.57197711872782975 3528.1433177132157653
67.599999999999994316 -34938.60546875 301.96905777032884544 3024.986767411681285
67.700000000000002842 -34945.2890625 302.75269035185033317 2204.7796260751733826
67.799999999999997158 -34940.9296875 296.03097922429827804 2688.2531561048658659
67.900000000000005684 -34936.57421875 300.17456279217327619 2078.0531653103653298
68 -34941.98828125 298.03789433085034943 2263.0273763858363054
68.099999999999994316 -34939.125 303.00334783670325578 2698.3966006076639133
68.200000000000002842 -34936.87890625 299.24491821282077808 2418.9899263452407467
68.299999999999997158 -34938.125 299.65115928857028393 2737.8782761448478595
68.400000000000005684 -34934.4296875 306.08089751551506197 2857.1982554903242999
68.5 -34936.81640625 300.77123666956890702 2461.5097012139822255
68.600000000000008527 -34940.96484375 298.52430206137432833 3484.0676727175214182
68.700000000000002842 -34938.765625 297.41988622373713724 1844.3412888484053838
68.799999999999997158 -34934.33984375 301.17249748618547756 1724.7695725362209487
68.900000000000005684 -34938.0546875 298.22359797845217599 2670.8043955848320365
69 -34939.87109375 297.48080372480836786 1837.4244553034716319
69.100000000000008527 -34935.64453125 303.03495294676667982 2703.3533528815960381
69.200000000000002842 -34936.21484375 294.13657434390080425 1446.7647117371313925
69.299999999999997158 -34935.05859375 298.95611774114610171 1113.4629409916076384
69.400000000000005684 -34940.23828125 302.35757893765043036 2342.9088211113976286
69.5 -34941.09765625 291.60939138550418193 3412.7558907338539029
69.600000000000008527 -34936.5546875 296.37737598888094226 2336.3451359631822015
69.700000000000002842 -34939.03125 303.19279069751871702 2030.5475546696109177
69.799999999999997158 -34942.1484375 297.9532746931482734 2456.9513237158112133
69.900000000000005684 -34938.84765625 299.28472827084777919 1520.7454406730232677
70 -34937.953125 296.01968496540825981 2760.0123090927449994
70.100000000000008527 -34934.49609375 301.22077206914548242 2556.9232656819913245
70.200000000000002842 -34938.19921875 299.57742765482879577 1867.5336540542423336
70.299999999999997158 -34940.76171875 300.75049258518873785 832.73831085330357382
70.400000000000005684 -34943.3046875 293.48390645286366407 1597.2990916189360178
70.5 -34939.53515625 300.42983370927919395 1903.8352910854587208
70.600000000000008527 -34934.90625 300.0300446327638042 2974.9043203174519476
70.700000000000002842 -34940.6171875 302.57686205159444626 2922.6971959604702533
70.799999999999997158 -34940.55078125 298.70625291887989761 2686.6929710869708288
70.900000000000005684 -34938.6015625 302.00879709560837227 3305.9618203475306473
71 -34944.9296875 299.67305159922403845 3468.7991735205464465
71.100000000000008527 -34938.2421875 300.7259115344642737 2653.9239028437018533
71.200000000000002842 -34938.140625 299.61492829266660465 2786.1406781778737241
71.299999999999997158 -34935.84375 296.00554984783804002 2362.2019280745166725
71.400000000000005684 -34934.01171875 302.94359499270689184 2304.4956612969272101
71.5 -34940.4375 300.06495791084955727 3068.7556342076891269
71.600000000000008527 -34943.38671875 303.17239289940602021 2400.1753242416798457
71.700000000000002842 -34945.48828125 301.08421611679460739 2855.2175457689136238
71.799999999999997158 -34944.08203125 303.04830852378177042 3644.7707847804035737
71.900000000000005684 -34940.17578125 302.12758558948496557 1704.9473887960016327
72 -34943.5703125 294.64758103705781878 2957.2591248427338542
72.100000000000008527 -34943.20703125 300.91543863381576784 2432.1808180157399875
72.200000000000002842 -34941.171875 302.03935453917199538 2665.4441084574523302
72.299999999999997158 -34942.75390625 297.26245258445720765 3722.0466684817679379
72.400000000000005684 -34942.4453125 303.51942767719799576 2837.8233618344156639
72.5 -34940.89453125 302.20097999492219287 2653.6219096231670846
72.600000000000008527 -34941.49609375 294.13782447191164238 3050.0236256398011392
72.700000000000002842 -34940.19140625 302.99371001895832478 1340.1919140437653368
72.799999999999997158 -34939.4375 300.07895512077953981 1940.0452346892413971
72.900000000000005684 -34936.6484375 294.09537327742066282 3137.637847735813466
73 -34937.38671875 302.83761780578646494 2910.6271582094204859
73.100000000000008527 -34941.8125 301.23403307150363162 2491.0682157071410074
73.200000000000002842 -34939.49609375 301.67001773732482661 2616.5299484254273921
73.299999999999997158 -34938.19921875 298.49316108319061414 2089.6895314121329648
73.400000000000005684 -34942.015625 297.6372864447736788 3118.9356455674401332
73.5 -34941.01953125 302.02860256787027993 1865.1096775326025181
73.600000000000008527 -34939.10546875 299.6604148244280168 2490.1800689620044977
73.700000000000002842 -34944.625 301.85595654288221112 2181.7413455009673271
73.799999999999997158 -34939.12109375 293.025968872731994 3382.8556999445586371
73.900000000000005684 -34940.8515625 304.64824858013889752 3561.3870126240790341
74 -34939.37109375 297.40619395039880146 1727.7793718169368731
74.100000000000008527 -34942.80859375 294.21895561299686506 1387.0173053696603347
74.200000000000002842 -34939.6328125 302.20341080679452261 2929.8458764733018143
74.299999999999997158 -34939.78125 297.2688488290349369 3011.972564311799033
74.400000000000005684 -34937.3984375 304.32962213861054579 2270.7930549875040924
74.5 -34944.55078125 305.60203140677970168 2879.6540710750377912
74.600000000000008527 -34935.31640625 296.17463091126217023 2403.1740131726733125
74.700000000000002842 -34939.07421875 301.84691321190496183 2518.3077999638362598
74.799999999999997158 -34940.78125 295.22833809837226227 2671.3089578240869741
74.900000000000005684 -34935.43359375 297.04184036092004817 3135.1088215597228555
75 -34945.73828125 299.74403946199669235 2201.2509905001957122
75.100000000000008527 -34940.09765625 296.35558519932675381 2214.6279998573631929
75.200000000000002842 -34936.8359375 298.25554392073223653 2342.0770658742258092
75.299999999999997158 -34941.5 294.49958216049384419 3433.0933108012927732
75.400000000000005684 -34941.9453125 302.86725726843019402 2398.3103867085760612
75.5 -34936.859375 297.70714642347917334 2117.6883808948200567
75.600000000000008527 -34938.18359375 300.52483302199050286 3015.3802624266381827
75.700000000000002842 -34942.54296875 297.38948101047901673 3140.9289449436619179
75.799999999999997158 -34936.16796875 300.87112523449906121 2850.2413802689393378
75.900000000000005684 -34942.79296875 304.90524309790316693 2932.8046771447161518
76 -34946.0234375 298.55377764248311223 3107.7063214362151484
76.100000000000008527 -34940.6015625 296.1199137629677125 2724.7955113235229874
76.200000000000002842 -34938.0625 300.21499391524906741 3272.6356726966519091
76.299999999999997158 -34937.8203125 305.3793272179029259 3187.6969287067131518
76.400000000000005684 -34941.984375 298.61179619206933467 2528.0070002223405936
76.5 -34942.4375 304.53956370270566367 2429.0585338363353003
76.600000000000008527 -34938.53125 298.22905254700521027 3236.0095978375443337
76.700000000000002842 -34941.73046875 301.69696722030624869 3119.6614599369845564
76.799999999999997158 -34931.359375 296.99611997491604143 3563.3875209779826037
76.900000000000005684 -34938.0859375 300.28934937021062979 3314.5048587331693852
77 -34936.06640625 295.44138182549062321 2170.1763855605468052
77.100000000000008527 -34940.40625 305.58546722736241463 3260.3813824832895989
77.200000000000002842 -34938.16796875 301.86320374369819319 3106.5470987279763904
77.299999999999997158 -34940.68359375 293.94783158636971621 1743.1859458152475781
77.400000000000005684 -34942.4609375 300.07948625565722978 2600.5239189923149752
77.5 -34938.1484375 299.30216601408432098 2884.9659910130549179
77.600000000000008527 -34939.9140625 296.40546518148352106 3454.4847190126770329
77.700000000000002842 -34942.02734375 296.28124037559877024 3028.1136232827448111
77.799999999999997158 -34941.29296875 303.63892354701721388 2779.9160103760473248
77.900000000000005684 -34940.81640625 300.68395598265180979 2114.1192941504782539
78 -34941.875 298.08413448188690609 2445.1966886150157734
78.100000000000008527 -34937.609375 302.61964904857853753 1448.998200624209403
78.200000000000002842 -34941.3671875 299.19420104818300388 2513.8902659067935019
78.299999999999997158 -34941.49609375 299.14877788368335132 2315.4557268223347819
78.400000000000005684 -34939.234375 298.77245195049096083 2511.8181411995633425
78.5 -34934.7890625 304.14961353488121176 2606.9983961996440485
78.600000000000008527 -34936.8359375 298.693985146128 1596.55121890090345
78.700000000000002842 -34939.57421875 299.45157899598626727 1958.5505337758079349
78.799999999999997158 -34936.4453125 300.38997260275681356 2670.0028060608365195
78.900000000000005684 -34937.2265625 302.00864938149845784 1418.7352416322751196
79 -34940.08203125 297.85041074471712363 2098.7465291983171483
79.100000000000008527 -34940.96484375 302.33148406442103351 2836.3329528961994583
79.200000000000002842 -34937.34375 303.71665624152450391 1233.1073426437928902
79.299999999999997158 -34942.3125 301.13013013498306236 1732.0719236867389554
79.400000000000005684 -34943.03125 301.58145259625166545 2468.3795181783962107
79.5 -34935.828125 300.81597159494384641 2764.0986743517619288
79.600000000000008527 -34936.0546875 300.69588661155796672 1795.8513138781993348
79.700000000000002842 -34936.95703125 298.56979647087496232 1794.2814065486259096
79.799999999999997158 -34942.71484375 301.41624726824295522 2637.9463653168072597
79.900000000000005684 -34942.41796875 298.30011556963137309 3336.1775596557436074
80 -34937.6171875 300.25502636113242261 3030.0206991984177876
80.100000000000008527 -34944.18359375 300.88866022538303469 3246.3455535688253804
80.200000000000002842 -34939.9296875 306.1835873305086011 1569.2357629461118904
80.299999999999997158 -34941.10546875 300.70447449907635473 1615.9672155154564734
80.400000000000005684 -34939.62890625 297.84580394046878382 3460.8532897994691666
80.5 -34934.78515625 301.36602073617831365 1347.582976211872392
80.600000000000008527 -34941.6328125 303.60097072636131088 1036.5387910752417611
80.700000000000002842 -34942.265625 299.68031260441466657 1373.0339369252617416
80.799999999999997158 -34938.6015625 298.78709794122931953 1697.1731979985052021
80.900000000000005684 -34943.16796875 294.14004391187592091 2125.4429843565899318
81 -34938.46875 299.7767640161990812 2001.4275501693632577
81.100000000000008527 -34937.13671875 299.28588733493177187 1747.8510842825305645
81.200000000000002842 -34941.08984375 295.11068819277750208 1472.071396041019625
81.299999999999997158 -34939.28515625 298.95800042527145024 2892.4826216406599997
81.400000000000005684 -34939.30859375 300.06923170321556427 3512.2142825792843723
81.5 -34942.6328125 310.34440104484826861 2333.4052970591442318
81.600000000000008527 -34941.28515625 298.7894463656493258 1467.6189889053869138
81.700000000000002842 -34936.6953125 300.5654789616302196 1824.8665200792972882
81.799999999999997158 -34938.96484375 300.87083957427165615 3216.2519725944257516
81.900000000000005684 -34938.0859375 298.86745117638071179 3198.0085338685303213
82 -34939.7265625 294.54299022074815184 2914.7053268923696123
82.100000000000008527 -34940.83984375 300.00052685490209115 2242.6099545431270599
82.200000000000002842 -34937.140625 299.32181989669629729 2525.7121858713967413
82.299999999999997158 -34942.40625 296.45799784997745974 2208.2549341953967996
82.400000000000005684 -34941.4453125 301.61112930343062999 2218.1453053749373794
82.5 -34938.82421875 301.12297175503931612 2924.1081165055288693
82.600000000000008527 -34946.7578125 299.67626891744788509 2699.8118313121558458
82.700000000000002842 -34944.3984375 300.77777096375939436 2751.212687274487962
82.799999999999997158 -34937.43359375 297.03951756820600849 3237.484670505435588
82.900000000000005684 -34935.96484375 302.76984652389154462 2052.7404680473855478
83 -34938.90234375 297.13758154983696613 2485.7305576380385901
83.100000000000008527 -34939.16796875 301.10778511388730294 3170.8590657471954728
83.200000000000002842 -34937.55859375 301.25603168774910046 2016.4465033469396076
83.299999999999997158 -34947.1171875 303.07278994371552017 3050.296979356988686
83.400000000000005684 -34942.88671875 300.25179763017200685 3981.1612072064581298
83.5 -34939.1796875 304.51833787302200562 2860.619336348656816
83.600000000000008527 -34942.16796875 298.54910438521204696 2219.3132545557809863
83.700000000000002842 -34943.16796875 300.30473750433759506 3620.7715085121026277
83.799999999999997158 -34938.51953125 304.242620837772904 2645.4107373873534925
83.900000000000005684 -34943.640625 301.83966371194128442 3284.6170095843708623
84 -34941.96875 299.15912455007958215 3610.0369559423475039
84.100000000000008527 -34936.81640625 305.42407566950970477 2912.1291018505271495
84.200000000000002842 -34941.11328125 302.30433533719315164 2316.6052369862036358
84.299999999999997158 -34940.6484375 297.17812172226427947 1058.6276161729178966
84.400000000000005684 -34937.6796875 298.02528698294634069 1333.0994530611887967
84.5 -34941.375 308.49709286623647131 3291.6712428139808253
84.600000000000008527 -34938.8359375 295.73382155259162118 2297.132360575351413
84.700000000000002842 -34939.1328125 301.72122721981736504 2644.8772079532109274
84.799999999999997158 -34946.1953125 300.28569628340369491 3409.8666786209719248
84.900000000000005684 -34942.84375 301.10914315819297826 2347.9355972751600348
85 -34935.6328125 296.9857744680902556 2956.0984869784774673
85.100000000000008527 -34942.5546875 302.41483404999763707 2696.0646042284465693
85.200000000000002842 -34935.24609375 303.23247987356330668 1763.2484650161136415
85.299999999999997158 -34938.59375 299.35795601889179807 3576.4817849714854674
85.400000000000005684 -34937.4453125 296.98768296985423376 3692.8711574433550595
85.5 -34946.12109375 310.79918219797997381 2426.5725311849701029
85.600000000000008527 -34941.0859375 301.68515836587198464 3028.9260244419110677
85.700000000000002842 -34944.99609375 300.42893068606002771 3399.2639253506581554
85.799999999999997158 -34939.7265625 301.36101910054560449 2788.6710479350690548
85.900000000000005684 -34937.36328125 298.99589186750279168 3987.1079346998030815
86 -34941.1640625 295.47879900920327145 3165.2483929927379904
86.100000000000008527 -34944.109375 304.40078766980997216 2954.2260700953870582
86.200000000000002842 -34936.88671875 299.9192382635791887 3146.4268714779645961
86.299999999999997158 -34941.5703125 296.71727511317607195 4003.0024349545069526
86.400000000000005684 -34941.03125 303.47322286092065724 3638.4055279055669416
86.5 -34936.44140625 299.80672253659531634 4799.7178310301442252
86.600000000000008527 -34941.9765625 296.1069294147505957 3053.5127347849570469
86.700000000000002842 -34944.45703125 301.69834435760833458 3071.6816386333980518
86.799999999999997158 -34942.4921875 303.01376707278103595 3573.4843962300892599
86.900000000000005684 -34940.0078125 300.37812300518237407 2730.6601488189940028
87 -34938.26171875 293.23753121478802086 2873.7220024509824725
87.100000000000008527 -34941.3125 304.27967391903052885 3704.4021890092112699
87.200000000000002842 -34942.02734375 300.85682630933263226 3761.8274759208552496
87.299999999999997158 -34939.78125 299.8648754640977927 3448.5966410095707033
87.400000000000005684 -34936.94140625 301.17064024591911675 2808.7489092719060864
87.5 -34943.19140625 298.43951051836398847 3111.8533266777744757
87.600000000000008527 -34938.3828125 301.51969677281334725 3325.0593598526361347
87.700000000000002842 -34942.58203125 303.79843870560199548 2772.6033357983574206
87.799999999999997158 -34940.1015625 296.64459179579495185 2648.7977985283414455
87.900000000000005684 -34938.3359375 299.46623646248741579 1828.8124728348564076
88 -34938.01171875 296.53472680384027171 2310.1293743129058385
88.100000000000008527 -34939.37890625 297.04668319461779902 3789.493720663138447
88.200000000000002842 -34940.59375 305.88075648728602118 2966.3939113846372493
88.299999999999997158 -34944.87109375 300.20087584228502919 2426.4633020698620385
88.400000000000005684 -34943.05859375 301.77856436747987345 2613.3320671077240149
88.5 -34935.125 302.94412478514215081 2893.9085585949374035
88.600000000000008527 -34941.4765625 302.47153956872369918 2286.1931449976614203
88.700000000000002842 -34938.88671875 295.31962981633597565 2699.6585758624723894
88.799999999999997158 -34935.0703125 300.66509577376365314 3571.7640958463584866
88.900000000000005684 -34938.93359375 299.35931770803091467 1695.321702118541225
89 -34942.94140625 300.82083146331393664 3197.962055183319535
89.100000000000008527 -34938.58984375 306.22279025255693341 3535.1737854392281406
89.200000000000002842 -34940.0703125 300.45101287631069908 787.9490027681781612
89.299999999999997158 -34940.921875 301.20091330576440214 2284.5001236608668478
89.400000000000005684 -34940.19921875 303.6778662314752637 2743.8452229932827322
89.5 -34941.8515625 296.48378406923870898 2408.2426684145998479
89.600000000000008527 -34939.2578125 301.77899852055401198 3656.4221706634530165
89.700000000000002842 -34942.1484375 300.66074965602649627 2014.2854100060508244
89.799999999999997158 -34942.75 300.00463829415514283 1945.7221894812621485
89.900000000000005684 -34941.58984375 305.00571990779951648 4010.7916254266365286
90 -34942.23828125 296.07484685843797934 1711.9670430433545789
90.100000000000008527 -34942.38671875 301.73285095525579891 1634.4795762140508941
90.200000000000002842 -34938.609375 295.91222444506439615 3029.8328196559987191
90.299999999999997158 -34944.609375 298.85902704516928452 1753.8779976907642322
90.400000000000005684 -34935.4140625 299.15996356059224581 3414.8133212853381337
90.5 -34940.4296875 298.6184392624381303 3412.8901576771941109
90.600000000000008527 -34939.1015625 297.99413973686000645 555.9430870127240496
90.700000000000002842 -34936.27734375 297.33946128432933165 2658.7667150095776378
90.799999999999997158 -34944.8671875 297.810786462167016 3003.4448376945761083
90.900000000000005684 -34941.53515625 299.88697282120506316 2477.3292711756885183
91 -34937.54296875 299.59796588138237894 2618.6900083665700549
91.100000000000008527 -34938.125 298.77089932159259433 1603.0052172216785493
91.200000000000002842 -34944.85546875 299.24547159163819288 1099.3289245800974641
91.299999999999997158 -34933.546875 296.85861357210148981 2391.9960107883666751
91.400000000000005684 -34933.19921875 297.05995467589821146 2551.3395307061823587
91.5 -34943.8828125 300.81044074834534285 1250.3691655662223639
91.600000000000008527 -34938.734375 297.5897431438837657 2284.7101751085829164
91.700000000000002842 -34941.0234375 301.34849965870768074 1413.0099169866266493
91.799999999999997158 -34939.984375 292.28307883454795046 2053.4857937196347848
91.900000000000005684 -34940.3203125 300.3571410868781868 2201.589119266810485
92 -34938.14453125 298.60877440218183665 2036.765979285186404
92.100000000000008527 -34947.125 300.52646444106613899 1277.1460337908590645
92.200000000000002842 -34936.75390625 296.08880866572638979 1794.4759577018123764
92.299999999999997158 -34937.8125 298.96501111707510745 1677.8336895316745085
92.400000000000005684 -34944.46875 299.26080251947308852 1609.4242410245549308
92.5 -34939.41796875 297.26294257361382734 1435.7232454567738387
92.600000000000008527 -34939.37890625 301.19920727096996416 1642.4626790566160253
92.700000000000002842 -34944.74609375 297.99303970883289594 2585.299347594248502
92.799999999999997158 -34941.11328125 297.547582510821087 2670.6124961292498483
92.900000000000005684 -34939.1875 300.48114256527014732 1721.8564084413378623
93 -34940.3671875 302.25527386112003114 2375.0291174393869369
93.100000000000008527 -34942.625 297.63238094051473581 2712.5356673430228511
93.200000000000002842 -34939.76953125 304.49476233134788572 1829.3012596280689195
93.299999999999997158 -34943.20703125 303.49866969350244972 1162.6890390194437259
93.400000000000005684 -34943.76171875 300.4151880447491294 3023.196003985162406
93.5 -34943.86328125 298.48728203658646407 2596.8756975207315918
93.600000000000008527 -34938.265625 301.32561144021832433 2205.4345999468300761
93.700000000000002842 -34943.57421875 300.2998667267790438 2153.3685149294424264
93.799999999999997158 -34941.67578125 292.51702661857711973 2037.2761897239670361
93.900000000000005684 -34939.10546875 301.47228380642934553 2549.6949588734191821
94 -34943.25390625 298.28851035613706699 2860.1472377391983173
94.100000000000008527 -34942.25 301.23403831593378754 2825.1009538234097818
94.200000000000002842 -34938.875 298.70496460666959138 2555.9628626776911915
94.299999999999997158 -34938.82421875 304.55152924940534831 1566.1780992559029073
94.400000000000005684 -34942.59765625 304.46064280992095519 1838.3003979785848969
94.5 -34939.6796875 295.06958118620258347 2248.2321429943144722
94.600000000000008527 -34941.81640625 307.4222764820528937 1441.1453561861710568
94.700000000000002842 -34939.26953125 299.06408914587962045 2190.9247255949726423
94.799999999999997158 -34941.14453125 297.3153210621863991 2685.3769784862624874
94.900000000000005684 -34941.6875 305.6303743472918768 3206.3593931238578989
95 -34936.49609375 298.03189519489836812 2445.4259116410353272
95.100000000000008527 -34936.42578125 296.21724837944054798 3079.3599291569621528
95.200000000000002842 -34944.40625 297.80762782841230774 3606.3333294705030312
95.299999999999997158 -34945.31640625 297.91960572689970377 2945.1942664551802409
95.400000000000005684 -34938.5859375 298.84916296472772501 1596.3738808351286025
95.5 -34942.98828125 299.92936616308725206 2207.236436361727101
95.600000000000008527 -34944.33203125 296.52910241295978722 2751.4467373856214181
95.700000000000002842 -34941.56640625 302.1931250895184462 1472.7039789476582428
95.799999999999997158 -34943.921875 296.57244225315832864 1836.7591968170663677
95.900000000000005684 -34939.19921875 299.7044019557753245 2277.5774132808796821
96 -34938.80078125 298.783747566433874 2050.2046510082077475
96.100000000000008527 -34938.84375 301.42131664913995337 3371.4378576152639653
96.200000000000002842 -34939.6640625 302.57306042932293622 2370.9566615335379538
96.299999999999997158 -34942.39453125 300.27944729263606405 2504.9008938802739976
96.400000000000005684 -34937.0234375 299.81478951442602465 2848.5855344272181355
96.5 -34944.34375 296.01243546113295224 2942.634038695873187
96.600000000000008527 -34942.3984375 300.23979694955971809 2952.1951074084227002
96.700000000000002842 -34941.41796875 302.60563693297632426 1685.8246460471516457
96.799999999999997158 -34944.29296875 293.26658968948999018 3025.5305926105666003
96.900000000000005684 -34945.67578125 299.08325164012859432 2994.8179708257803213
97 -34941.0625 302.76827865845763199 3556.3212748428818486
97.100000000000008527 -34936.39453125 300.99736272705638385 2861.8182995514421236
97.200000000000002842 -34945.8828125 300.52686005610570419 2529.0959830556030283
97.299999999999997158 -34941.4921875 300.69729039535747006 1981.7471218625544225
97.400000000000005684 -34939.99609375 301.21831803648052528 2676.5725026117629568
97.5 -34940.6015625 299.87800650046102646 2592.6143087358077537
97.600000000000008527 -34942.60546875 307.88554024560738753 2364.9737244456373446
97.700000000000002842 -34941.20703125 300.45261768129876145 2686.6863010594233856
97.799999999999997158 -34943.0546875 298.52578275133504349 2379.8348147360889016
97.900000000000005684 -34941.76171875 308.44662268177285114 2343.6048024327528765
98 -34937.6640625 298.53922928127735759 2799.9308844909733125
98.100000000000008527 -34942.234375 300.06922587741939878 1813.0990922269390921
98.200000000000002842 -34946.19140625 299.72419313783098005 1844.9362345536710563
98.299999999999997158 -34940.90234375 298.85985193875853838 2857.6263643644065269
98.400000000000005684 -34938.421875 300.11907673240881422 2281.6952077056021153
98.5 -34944.81640625 301.91195689677493874 2327.4806568918834273
98.600000000000008527 -34941.53125 295.93090974494424472 2461.1558302209446083
98.700000000000002842 -34943.4921875 303.25804845817032174 724.63880992493773192
98.799999999999997158 -34944.09375 296.00192811733654707 2309.1744191085672355
98.900000000000005684 -34944.15234375 298.5432068248513815 1836.0244857314114597
99 -34943.05078125 304.99392920664627127 1855.6728320282225013
99.100000000000008527 -34939.08984375 302.74033073503511559 4079.3458652485860512
99.200000000000002842 -34942.96875 296.6348220325425018 2818.7580264191424249
99.299999999999997158 -34941.46875 302.63480797034048919 2778.1088041680650349
99.400000000000005684 -34944.0390625 302.94537923531453316 3235.1290127407314685
99.5 -34943.0078125 299.00478130964671664 2222.8203542506862505
99.600000000000008527 -34942.6328125 301.81042652347548483 2308.3899123988644533
99.700000000000002842 -34939.1875 301.90505696955017356 2371.1091386434586639
99.799999999999997158 -34947.9375 302.14877929485413688 1493.7027651993023483
99.900000000000005684 -34939.57421875 297.35536276449232673 1659.4009512039635865
100 -34934.5 295.78809696793206285 1757.7853862150607256
100.10000000000000853 -34943.203125 301.67025518670061501 1849.9633515284072018
100.20000000000000284 -34945.9453125 299.86413019197794938 2886.5714209715288234
100.29999999999999716 -34936.42578125 300.32678438929656295 2389.34358100684085
100.40000000000000568 -34943.7421875 299.15166577417863891 1215.9772099748199707
100.5 -34941.4296875 297.15666911015244978 2647.0864397797809033
100.60000000000000853 -34937.84375 300.75873259830177631 2346.6138440203503706
100.70000000000000284 -34943.015625 294.71865558647976968 1346.704109445712902
100.79999999999999716 -34943.25 303.24740614392260341 1619.0826354685575552
100.90000000000000568 -34941.23046875 300.50276391077909466 732.13672985982213959
101 -34942.18359375 294.19338018083908537 1458.3370979504954903
101.10000000000000853 -34939.12890625 301.1010241187868246 2151.3055383779742442
101.20000000000000284 -34941.26171875 296.21575928691584068 2549.9414993731570576
101.29999999999999716 -34940.82421875 298.74010596236485071 1560.0048255202959808
101.40000000000000568 -34940.60546875 302.3077350412766009 1760.1142581479202818
101.5 -34940.72265625 296.34667265939435765 2059.7613986878645846
101.60000000000000853 -34935.62890625 298.55823558361402092 911.11262241852364241
101.70000000000000284 -34936.36328125 299.50121028252829092 1889.8059619501084399
101.79999999999999716 -34939.1796875 296.17058799656768997 2396.1019145174805089
101.90000000000000568 -34940.48046875 301.62786371150065179 1393.8653898483680678
102 -34938.9453125 299.62141153247034708 1420.060647740617469
102.10000000000000853 -34940.73046875 294.99392746135299603 1515.747894724000389
102.20000000000000284 -34938.87890625 302.74685296429089476 1710.788948697781052
102.29999999999999716 -34938.80859375 298.17306793928275965 1953.6477952400030063
102.40000000000000568 -34942.9140625 294.14543640770165212 1548.9751769742490524
102.5 -34942.4140625 296.95709632164818004 1418.3262481842921261
102.60000000000000853 -34941.80859375 302.31806565098196415 2035.3581611319939384
102.70000000000000284 -34938.23828125 299.61818562813027711 2349.7534695461872616
102.79999999999999716 -34936.8671875 298.7828067204112017 2995.3922825663053118
102.90000000000000568 -34943.515625 297.93129456142838762 2975.6493729051849186
103 -34939.71875 303.82072343284227145 2423.3766806497201287
103.10000000000000853 -34936.1796875 298.47583770719757013 2541.5525192241302648
103.20000000000000284 -34942.53515625 297.40965049793152275 2743.3266805979665151
103.29999999999999716 -34941.82421875 298.74798438565278502 1786.1262655395905767
103.40000000000000568 -34940.6640625 300.82654260880781294 2353.2956705911633435
103.5 -34938.15234375 304.23015842294785216 2978.9900110393032264
103.60000000000000853 -34935.83203125 302.66569704303566368 2835.0496333332171162
103.70000000000000284 -34939.96484375 301.22980809239180644 2757.3146179024329285
103.79999999999999716 -34944.30078125 299.99799858351292414 2729.8817213433035249
103.90000000000000568 -34941.93359375 295.33562113741066923 2585.8500426566420174
104 -34940.625 300.18583197564657894 2232.0337724786950275
104.10000000000000853 -34944.3515625 297.26298195312273265 1833.5763368979899042
104.20000000000000284 -34939.4765625 300.21783957230678652 2156.8514406036160835
104.29999999999999716 -34941.90234375 301.87059377500094115 2401.3074255332780922
104.40000000000000568 -34940.8359375 296.20855628800433124 814.82464813554884131
104.5 -34937.75 302.33294710985620668 2472.2299302100336718
104.60000000000000853 -34941.6796875 298.27295436366017611 2217.5092360504818316
104.70000000000000284 -34943.71484375 298.98482825842881994 1897.2012036560415709
104.79999999999999716 -34934.1484375 299.45303523708309967 1586.1474163293207766
104.90000000000000568 -34943.94921875 301.48067818781453298 1698.0550940396058195
105 -34942.4453125 299.05438468076124536 2911.0867439704952631
105.10000000000000853 -34938.34375 304.94649603300803165 1733.3352079435455835
105.20000000000000284 -34939.3125 297.80462513833322191 2157.1656788780856004
105.29999999999999716 -34941.0703125 299.38040615515672016 2829.6533953621251385
105.40000000000000568 -34936.5859375 303.39978394098085346 1899.9962151599249864
105.5 -34940.08984375 299.43265663344334371 2312.0414076776419279
105.60000000000000853 -34942.53515625 299.89507595280781516 3102.157590398859611
105.70000000000000284 -34934.890625 304.15405251148388288 2440.2269184828419384
105.79999999999999716 -34939.50390625 301.35860389670529003 1747.9819038133264257
105.90000000000000568 -34946.48046875 303.46018064278257498 3505.9702068711662832
106 -34939.90234375 302.68461738519727078 2355.1215003177289873
106.10000000000000853 -34941.7890625 303.32631301613838559 1394.9468530906331125
106.20000000000000284 -34940.640625 298.7347936211143633 1545.8263756008627752
106.29999999999999716 -34939.0625 298.38937466459162806 1344.7877354031279538
106.40000000000000568 -34937.2421875 299.59300718850454359 1766.1480845696787583
106.5 -34940.59765625 295.48504855968764105 2196.0887341220136477
106.60000000000000853 -34937.0859375 301.98567456479594284 1988.3894179071439794
106.70000000000000284 -34937.8359375 295.78652715265059214 1540.4573073874821603
106.79999999999999716 -34937.19921875 297.72186870974564954 1736.9657743362918154
106.90000000000000568 -34939.484375 304.99708353090466062 3306.7486714514830055
107 -34938.68359375 298.75234844758688268 3462.276765161846015
107.10000000000000853 -34941.8203125 300.62658218842182123 2009.2952826317482504
107.20000000000000284 -34939.2421875 300.87904239899006598 2426.6406503183648056
107.29999999999999716 -34936.16015625 302.24891062643399664 2573.0432604441812146
107.40000000000000568 -34939.73828125 300.12129042485184982 2840.7392319933783256
107.5 -34938.453125 302.7519897384437968 1644.1744000644630432
107.60000000000000853 -34934.19140625 296.80363613546870738 1877.6746894154796337
107.70000000000000284 -34939.2890625 295.63009070500703501 2355.4557609026733189
107.79999999999999716 -34937.6875 301.14791041372791369 2360.2488290106443856
107.90000000000000568 -34941.30078125 301.9932423477522434 1161.9956325530658887
108 -34941.6171875 302.28859679555131379 2259.0662443707637976
108.10000000000000853 -34939.40234375 296.60765081607740967 2268.3223027433004972
108.20000000000000284 -34937.42578125 302.45408092472109729 2122.696268504816544
108.29999999999999716 -34941.140625 297.95864540188506453 2454.6879531354766186
108.40000000000000568 -34936.4609375 294.93116482729311656 2889.3161271201429372
108.5 -34938.65625 302.00570708054669922 3164.7577058321730874
108.60000000000000853 -34943.546875 296.72556389922397102 2227.744904906372085
108.70000000000000284 -34943.74609375 303.73370969886559578 1926.956563580502916
108.79999999999999716 -34941.94921875 302.45231400455128323 2703.8117609392215854
108.90000000000000568 -34940.1796875 294.77305373862748183 2225.6996821384800569
109 -34936.05859375 298.85177835598096863 3416.8001752928635142
109.10000000000000853 -34937.3671875 300.72890893470298579 3557.3819203645680318
109.20000000000000284 -34938.99609375 298.04243993828885095 1696.3067497727549835
109.29999999999999716 -34941.64453125 303.2815173209124282 1896.5116241611715395
109.40000000000000568 -34933.40234375 299.08298555222302184 3223.6823234900170974
109.5 -34939.92578125 296.73414541774860709 2279.2723696803868734
109.60000000000000853 -34935.27734375 300.56349357474198314 2767.4402694653736035
109.70000000000000284 -34936.08203125 296.85530765216032023 2607.1268194643926108
109.79999999999999716 -34942.6875 301.75636275694319011 1594.0634358515094391
109.90000000000000568 -34938.30078125 302.02968703979416887 2648.5398004706744359
110 -34939.98828125 294.1773245585631571 3053.3247774144042523
110.10000000000000853 -34941.109375 301.24882297177316559 2384.9602935530010654
110.20000000000000284 -34940.0078125 301.75921405534251107 3132.4941298267758611
110.29999999999999716 -34941.6328125 297.15774664409786965 2360.5320076443531434
110.40000000000000568 -34940.4375 305.64591552519095785 1051.1073011216974464
110.5 -34935.98828125 294.3692002599772195 3393.0584887035870452
110.60000000000000853 -34940.71484375 298.96762523499938879 2733.1910697345133485
110.70000000000000284 -34941.32421875 299.67433957606056083 2561.603180567005893
110.79999999999999716 -34937.828125 299.34376983391433669 2506.224997444589917
110.90000000000000568 -34935.23828125 306.41600410053820269 2150.1293715817128032
111 -34936.1953125 297.56857596710676717 3006.7899150888902113
111.10000000000000853 -34938.14453125 298.64787692677970199 3134.6780705838646099
111.20000000000000284 -34939.078125 298.80737830400715893 2718.2964540113598559
111.29999999999999716 -34939.1484375 303.27864300260586106 2870.5494536385863285
111.40000000000000568 -34942.16015625 298.870311617912364 2711.0306414626984406
111.5 -34944.19140625 301.73007810880443458 2232.3028076389182388
111.60000000000000853 -34940.34765625 306.08841354866979145 2638.0515568365462968
111.70000000000000284 -34939.48828125 296.84805697856171491 2961.6755855258397787
111.79999999999999716 -34939.47265625 303.10638876658970275 2812.5145121938080592
111.90000000000000568 -34933.68359375 303.09237324578890593 2663.1051017676822994
112 -34938.5234375 297.79117710539935615 2054.5939219451784084
112.10000000000000853 -34939.63671875 301.50900466378516285 1920.6423396401980881
112.20000000000000284 -34934.17578125 304.05066948541582406 2428.6704154193762406
112.29999999999999716 -34937.61328125 299.18860950042773084 1483.8568886115701844
112.40000000000000568 -34939.578125 298.29564239543213944 1945.9333761248310566
112.5 -34938.78515625 304.56785691437409014 2228.1339076048761854
112.60000000000000853 -34943.9765625 300.76605404695089874 1437.7970227289540617
112.70000000000000284 -34939.4140625 299.56467429962202687 3533.5425273815753826
112.79999999999999716 -34937.79296875 300.74527546473581197 4096.8947963682439877
112.90000000000000568 -34940.5859375 302.86468197847784722 2306.4763252941165774
113 -34934.89453125 301.79269010460063782 1607.211373771746139
113.10000000000000853 -34941.0390625 299.36786665854646117 2627.2583256119301041
113.20000000000000284 -34941 304.19006677039459419 2432.7867824017780549
113.29999999999999716 -34933.30859375 304.93571378813720685 2286.8007047910414258
113.40000000000000568 -34940.9609375 299.66022148039280637 2490.1028154725886452
113.5 -34941.47265625 300.03171974469063343 1929.8938444512759816
113.60000000000000853 -34936.4296875 300.30601665863247263 3026.5352587480565489
113.70000000000000284 -34942.734375 296.50585392580580901 1566.2345728180316655
113.79999999999999716 -34937.703125 298.9261762444773467 2736.8013942782945378
113.90000000000000568 -34941.5703125 305.65489109356963127 1927.4040960670290588
114 -34940.99609375 295.53312613754991389 2533.750435054065747
114.10000000000000853 -34937.1171875 303.79317604794545105 3406.7931567366613308
114.20000000000000284 -34943.7109375 303.20560085570554065 2189.566330455593743
114.29999999999999716 -34945.9765625 301.45728631346463544 2449.6855926479429399
114.40000000000000568 -34940.73046875 307.11099878181295253 3306.1456426049012407
114.5 -34938.13671875 298.09090202391905677 3074.1181375836672487
114.60000000000000853 -34941.3125 296.89871727679968672 2110.9244912253943767
114.70000000000000284 -34936.50390625 296.51592950774374913 3182.1804609923128737
114.79999999999999716 -34939.53515625 303.24856520067623933 2312.9444639294315493
114.90000000000000568 -34943.5078125 297.3688344906975658 2157.1179956574242169
115 -34943.953125 300.91622805340114155 2461.1437756591312791
115.10000000000000853 -34940.796875 300.59086927754844965 2712.954230578617171
115.20000000000000284 -34940.265625 295.77203192078195571 1499.4801087685905259
115.29999999999999716 -34937.04296875 302.13280350814511621 2195.6849250374957592
115.40000000000000568 -34936.68359375 293.20986506568453933 963.40346910811695125
115.5 -34940.765625 300.09149313877708209 1608.4500678099307152
115.60000000000000853 -34942.88671875 299.55969114814024579 2986.2188494817482933
115.70000000000000284 -34942.40625 299.4197571722537532 975.70199003450795772
115.79999999999999716 -34937.51171875 299.50342439108135295 1923.1300632036222851
115.90000000000000568 -34936.0625 296.92833580927509729 3140.8572961826225765
116 -34942.171875 297.92504480890602281 1668.1847680377791221
116.10000000000000853 -34939.46484375 304.12244773244350426 3325.9319130194980971
116.20000000000000284 -34938.8828125 299.71547080300990729 4265.6467265090432193
116.29999999999999716 -34944.546875 302.57559298056526131 2371.1398369241851469
116.40000000000000568 -34941.5234375 290.47948470139039046 3120.4132154761055062
116.5 -34940.515625 301.78620785323266773 1763.1148497353422044
116.60000000000000853 -34939.734375 300.76705281792817459 2713.0678591105424857
116.70000000000000284 -34944.203125 299.76368309705304682 3338.800464633160118
116.79999999999999716 -34940.85546875 302.28666139042110217 2128.9518071471156873
116.90000000000000568 -34939.96875 299.80304964879968566 2288.6962048987234084
117 -34941.01171875 298.64875466398763137 2526.4214818173331878
117.10000000000000853 -34935.68359375 300.73679489227237127 2935.7256321291279164
117.20000000000000284 -34943.625 300.64223761064477003 2595.5749744015161014
117.29999999999999716 -34940.87109375 298.84468079942183749 3250.821703031961988
117.40000000000000568 -34941.62890625 300.87585278918322729 2574.0404305358847523
117.5 -34941.97265625 294.99756450949007558 2189.096859092755949
117.60000000000000853 -34939.484375 302.98064569056180062 2091.3941884452842714
117.70000000000000284 -34939.88671875 302.08420492235319443 2740.1952603589738828
117.79999999999999716 -34941.87890625 295.00619660009868994 2792.361428698778127
117.90000000000000568 -34939.53515625 298.68865176465072864 3899.1396348320977268
118 -34937.140625 296.11882426037817595 2753.6116165266894313
118.10000000000000853 -34935.69921875 299.56479227420220468 2588.5256476636486695
118.20000000000000284 -34944.94140625 303.64588797011111865 2471.7481539680306923
118.29999999999999716 -34940.1953125 299.16423495325710746 1061.4433068489274774
118.40000000000000568 -34938.23828125 299.88461147664679629 3053.3649313161445207
118.5 -34941.234375 296.42588392826309018 3122.8281682815977547
118.60000000000000853 -34939.41796875 301.97426439437737145 1529.8762722150572699
118.70000000000000284 -34936.6328125 297.64481510725232738 2436.7237205593496583
118.79999999999999716 -34940.19140625 298.89592208029455378 3436.9911185031596688
118.90000000000000568 -34936.453125 298.42051795876182041 1590.5329496295407807
119 -34937.76953125 301.80403404887596253 2712.2491636443623975
119.10000000000000853 -34938.8359375 296.61869287043987242 3046.8812348588085115
119.20000000000000284 -34942.65234375 305.18329975529036346 2389.4672264294590605
119.29999999999999716 -34940.49609375 299.98740249136244529 2254.1181664877358344
119.40000000000000568 -34942.15625 296.58295302756545198 1953.7013838153513916
119.5 -34937.88671875 301.28585662003052903 1264.8144481633939904
119.60000000000000853 -34937.8828125 298.60219608237201783 2879.1803753963231429
119.70000000000000284 -34939.734375 298.73175569406396335 2022.1375839586596612
119.79999999999999716 -34942.6171875 295.82624041830877104 1542.4081699206290068
119.90000000000000568 -34940.19140625 300.69388127344734585 2378.5879286699164368
120 -34937.96484375 294.47598645710968412 3352.8496917780175863
120.10000000000000853 -34938.5859375 298.26305551644156822 2165.6463950483416738
120.20000000000000284 -34941.10546875 306.15478229045157832 2579.6772107552828857
120.29999999999999716 -34939.31640625 294.45350814968998066 2833.9745508024102492
120.40000000000000568 -34934.421875 299.44319201628610472 2211.1439905324727988
120.5 -34938.78125 299.63400248210825794 1546.1680632722411701
120.60000000000000853 -34943.41796875 300.53558224840776347 1926.2932831847144826
120.70000000000000284 -34935.296875 302.41503790946342178 2128.5179030630156376
120.79999999999999716 -34941.53125 302.04230798555255433 2623.7657991782111822
120.90000000000000568 -34942.2890625 301.80963720675833883 2869.8323219209146373
121 -34936.3125 302.74077755946456136 2276.8547219099741596
121.10000000000000853 -34939.62890625 300.45586870243442945 1822.2267148286812244
121.20000000000000284 -34939.89453125 297.89169850553219021 3042.5022381957628568
121.29999999999999716 -34938.12890625 304.29156424709930207 2187.5255700958218767
121.40000000000000568 -34941.94921875 297.14619810988074278 2050.5495122186866865
121.5 -34941.12890625 300.31202998332224752 3016.2152421677683378
121.60000000000000853 -34935.23046875 302.20863426016074982 2543.3478469030387714
121.70000000000000284 -34941.09765625 300.06718231164137478 1706.6305923421446096
121.79999999999999716 -34937.125 294.78001296505766504 2704.6714421634246719
121.90000000000000568 -34941.09375 304.56199322122000694 1310.7503505922472868
122 -34938.125 300.8002256800883174 2482.9729083170377635
122.10000000000000853 -34938.15234375 305.48208166508555905 2562.9620245191308641
122.20000000000000284 -34945.2421875 303.05804401535669967 2432.5263343224623895
122.29999999999999716 -34936.015625 294.9456262653985732 2733.6460792607267649
122.40000000000000568 -34940.6328125 305.76983138535149465 1879.6588051800893027
122.5 -34941.8515625 299.13217580490476166 1532.0901987123920662
122.60000000000000853 -34938.05859375 302.06915773266905489 3309.3211466230877704
122.70000000000000284 -34940.8984375 306.07253344986440879 2988.0409807514420208
122.79999999999999716 -34941.00390625 300.54608435829675273 2613.9317004231106694
122.90000000000000568 -34937.6328125 293.24876062091379936 3194.0383977027631772
123 -34938.47265625 297.72856151942715996 1698.2005369831033477
123.10000000000000853 -34939.32421875 303.17562572636006735 1830.6246675195723128
123.20000000000000284 -34938.5234375 291.48118106591374499 1873.7293217054270826
123.29999999999999716 -34941.39453125 301.59700543057618916 1928.7094881399018504
123.40000000000000568 -34939.3671875 298.26739647126464661 1662.9057617921630481
123.5 -34945.15234375 299.67981670927093774 1740.1764120580180588
123.60000000000000853 -34941.16015625 302.67249448699737968 2599.9174944459050494
123.70000000000000284 -34939.85546875 301.24099438321951538 2889.9690357312074411
123.79999999999999716 -34941.859375 293.58362666830527132 2774.4791715133478647
123.90000000000000568 -34940.33984375 301.42227075181551754 2452.1926287226406203
124 -34939.75 301.07409434726383779 2716.7158494476793749
124.10000000000000853 -34942.43359375 299.6462293519741138 1291.0217538546514788
124.20000000000000284 -34932.91796875 297.29838100834820125 2822.70828117407018
124.29999999999999716 -34938.93359375 301.2828796465752248 2690.1951416319884629
124.40000000000000568 -34940.2890625 301.58171939660684302 2502.769025738140499
124.5 -34937.30859375 299.2533523040530099 2533.1446465238964265
124.60000000000000853 -34941.85546875 296.54257547996985522 2537.3365001672664221
124.70000000000000284 -34937.07421875 294.22919820815928915 3142.1709988361312753
124.79999999999999716 -34939.37109375 303.39939768564926226 3308.4800689941316705
124.90000000000000568 -34939.59765625 295.34439352780538002 2808.8566081412300264
125 -34938.62109375 302.32503300537376845 2513.0318179984465132
125.10000000000000853 -34934.921875 297.5770844593023412 2180.9776640010472875
125.20000000000000284 -34939.953125 297.88258097892577325 2341.6703895658697547
125.29999999999999716 -34937.50390625 303.23146408307354704 2095.7626346896472569
125.40000000000000568 -34940.4765625 298.21594340931039824 2461.1698179745171728
125.5 -34938.75 296.03006323082757945 4169.0481468075086013
125.60000000000000853 -34938.08984375 304.24958274300070116 2548.0496587133907269
125.70000000000000284 -34941.8359375 296.0123335057468239 2243.5973997256473922
125.79999999999999716 -34935.27734375 297.64267005658547305 2779.3701913602230889
125.90000000000000568 -34934.46875 298.95847060330743261 2545.4896322571353267
126 -34941.96484375 297.28671561516051725 1792.6679154287360234
126.10000000000000853 -34940.54296875 300.96957089846819144 2008.6845017372957045
126.20000000000000284 -34938.11328125 299.85373115582729042 1827.6107709106026959
126.29999999999999716 -34936.6875 304.44154716941687866 2152.0521464630005539
126.40000000000000568 -34938.859375 301.84737287114427318 2807.4136250004544308
126.5 -34941.16796875 299.89963313449641191 2578.0075773577859763
126.60000000000000853 -34937.03515625 305.03487691875687915 2470.2352274697982466
126.70000000000000284 -34934.86328125 299.04612835221610112 3184.6117192891247214
126.79999999999999716 -34940.1953125 301.37616164172686695 2434.1739100778663669
126.90000000000000568 -34937.95703125 299.55552579629016918 2667.6066760810463165
127 -34936.49609375 301.88596606477642581 3268.873317310533821
127.10000000000000853 -34940.00390625 297.00884920134575395 2062.6020479473468185
127.20000000000000284 -34939.2109375 301.53702376212072522 1150.8068983374844265
127.29999999999999716 -34937.69140625 297.69020226115583228 3282.3816999526125073
127.40000000000000568 -34940.0546875 299.85315761596103812 3664.3261107560465462
127.5 -34937.05078125 304.49306940567976199 1921.5560589232452458
127.60000000000000853 -34939.7890625 298.76762377141710658 3039.1995883680701809
127.70000000000000284 -34945.33984375 304.16462380767569584 3568.9263856623497304
127.79999999999999716 -34935.8515625 303.03164159764418173 2783.5520015253327983
127.90000000000000568 -34934.10546875 299.34404006074146309 3089.688880717344091
128 -34938.5234375 301.41846119219434286 3537.7993427320811861
128.09999999999999432 -34945.5625 303.16846945151502268 3294.1650354453313412
128.19999999999998863 -34939.6015625 299.72468146513057263 2919.5991477765928721
128.30000000000001137 -34938.26171875 302.03885415877840614 2054.1629733830632176
128.40000000000000568 -34938.99609375 293.01989778758928651 1991.1938022007909694
128.5 -34937.80078125 298.9159662606305119 2023.3576494171709328
128.59999999999999432 -34939.828125 299.24094638621647846 2646.0496034312554912
128.69999999999998863 -34943.35546875 295.83350094188091362 3742.1267996285982917
128.80000000000001137 -34939.9921875 301.65965972028129727 4054.1255992094047542
128.90000000000000568 -34939.7890625 296.2640359110446866 2606.2880356665300496
129 -34944.96875 298.31381579920230251 2980.0299573077322748
129.09999999999999432 -34937.1484375 299.79217732557140152 3395.5632075664580043
129.19999999999998863 -34938.26171875 301.19664224241108741 3307.6664187932965433
129.30000000000001137 -34943.34765625 296.24737145315299358 3832.4975177599976632
129.40000000000000568 -34941.55078125 301.18851589636244626 2708.7303243542760356
129.5 -34938.16796875 297.97177271920730846 1995.6618695564868631
129.59999999999999432 -34937.015625 304.78899804903210224 3038.210671917601303
129.69999999999998863 -34942.36328125 299.02128422820936748 2209.7821698143211506
129.80000000000001137 -34937.953125 300.07763904342345995 2298.1371477005150155
129.90000000000000568 -34940.8671875 303.31556827693668765 3102.6801202086112426
130 -34943.42578125 293.67932171813714604 2587.0561931202846608
130.09999999999999432 -34945.578125 302.96532671463864972 2311.3564603065674419
130.19999999999998863 -34940.640625 302.18925646016793962 2701.597658212240276
130.30000000000001137 -34935.015625 306.32671794494768847 2678.3941277278413509
130.40000000000000568 -34940.11328125 300.77223220287669392 3357.3769400204796511
130.5 -34940.015625 298.90461059487978446 2484.7975239575152955
130.59999999999999432 -34942.0078125 303.73320229927691116 2928.1805265409852836
130.69999999999998863 -34943.42578125 297.75851639345017929 3526.418797627436561
130.80000000000001137 -34940.1875 301.54330107097860036 3388.9573900685099943
130.90000000000000568 -34942.92578125 301.92501298810680055 4044.8248098786048104
131 -34939.37890625 299.11936497572276039 4351.2689016460244602
131.09999999999999432 -34936.04296875 303.45427883660829593 2922.3069258184236787
131.19999999999998863 -34941.2890625 300.65651320811002734 2857.2464328085961824
131.30000000000001137 -34941.5859375 305.45368667540464003 3283.2523231493732965
131.40000000000000568 -34943.71875 306.65673488411493963 2585.0667117710454477
131.5 -34938.6875 297.35303780096944593 3696.6401161564303948
131.59999999999999432 -34939.24609375 305.32455917216788066 2525.4523296961292544
131.69999999999998863 -34942.03125 297.56522368831281256 1847.2216691104883921
131.80000000000001137 -34939.046875 301.82535541676918456 3266.4313326905762551
131.90000000000000568 -34935.1171875 297.16189092115655512 2896.8198097339522974
132 -34944.8984375 299.84639715704514629 2151.4152978641063783
132.09999999999999432 -34938.4453125 300.40393580567194931 2461.2250807620830528
132.19999999999998863 -34938.9453125 300.15904774409023048 2558.5299048542692617
132.30000000000001137 -34937.8203125 299.75981625798476671 2176.6002950513566248
132.40000000000000568 -34939.01953125 296.83574715431069535 2132.9428128513582124
132.5 -34942.48828125 301.71700637028220626 1729.0206677094436145
132.59999999999999432 -34939.7109375 303.14616998904847378 2381.7190276896967589
132.69999999999998863 -34943.86328125 298.22496556707375248 2650.2832461305270044
132.80000000000001137 -34939.18359375 301.26549438746297938 3090.2041500848986288
132.90000000000000568 -34939.9609375 299.89005262729062906 2403.4479171530510939
133 -34941.2578125 297.37562893783911022 1637.3246496651804591
133.09999999999999432 -34947.1484375 297.79688045030280819 1913.0203919256209701
133.19999999999998863 -34940.203125 300.69474340628408982 2327.6653746866227266
133.30000000000001137 -34940.13671875 299.57281529480036397 2592.7623557935730787
133.40000000000000568 -34942.46484375 297.15462648576090032 2161.0030660802963212
133.5 -34941.203125 300.82760690021041228 2316.8176968777388538
133.59999999999999432 -34938.7734375 300.25758116898805383 1293.5283256434831856
133.69999999999998863 -34935.62890625 299.5671593415348184 1884.164848103045415
133.80000000000001137 -34941.32421875 296.74956341451490971 2169.8789333425970653
133.90000000000000568 -34939.23046875 300.9396417248481157 1819.607852341629723
134 -34941.796875 300.04741122757184257 2249.0549133296540276
134.09999999999999432 -34939.66015625 296.38344150240550334 2549.8125474643325106
134.19999999999998863 -34941.15234375 305.74027502149982638 881.46375857518057728
134.30000000000001137 -34940.63671875 298.40686982150441509 2166.9620280926678788
134.40000000000000568 -34939.375 298.12635630418100163 2616.583158040534272
134.5 -34943.2109375 294.17516520017471748 1974.343942368302578
134.59999999999999432 -34937.359375 298.06758346823727379 4389.2990676485642325
134.69999999999998863 -34943.3203125 302.93642405346298574 2604.6350221596944721
134.80000000000001137 -34941.95703125 301.71289505691652266 2162.1907691174114916
134.90000000000000568 -34937.37109375 303.18568042179782651 3384.5809564192654761
135 -34943.05078125 299.67419027186491576 2121.9830695764062511
135.09999999999999432 -34940.234375 301.79903123620204042 2138.5786076455678995
135.19999999999998863 -34937.19921875 305.25574851587424519 3185.1830852040216087
135.30000000000001137 -34941.125 301.43864408448320091 2853.5040134334240065
135.40000000000000568 -34940.91015625 299.92107078647359231 2204.9165175522657592
135.5 -34932.890625 300.30955634651655828 3800.2333696361074544
135.59999999999999432 -34936.828125 298.0719930143047236 2310.7741024548890891
135.69999999999998863 -34939.671875 300.01661534953933597 3117.4166153550809213
135.80000000000001137 -34940.359375 301.26909168537093819 4208.2664924379978402
135.90000000000000568 -34943.67578125 298.76880176947321388 2809.0898091031326658
136 -34937.6171875 300.83105929333510176 3192.4339217916231064
136.09999999999999432 -34934.13671875 295.76766827252600933 2783.9547744706837875
136.19999999999998863 -34942.3125 293.29311699146342107 2475.1377005119006753
136.30000000000001137 -34942.74609375 300.62539016961278548 2814.8750554172265765
136.40000000000000568 -34938.27734375 303.88769417647745286 3019.8267537758379149
136.5 -34938.28125 297.76501171525222844 2686.0197963931500453
136.59999999999999432 -34940.64453125 297.86315325360004636 3445.2635775823609947
136.70000000000001705 -34940.46875 302.9270140945209846 3224.3867436912087214
136.80000000000001137 -34937.12109375 294.79031041961638948 1828.47887947755612
136.90000000000000568 -34937.71875 298.8536348192366745 2037.5246682662354942
137 -34937.765625 299.25307256666280864 2893.9649470081599247
137.09999999999999432 -34940.98828125 296.57707765239200626 2425.0460643840146986
137.20000000000001705 -34939.7890625 303.84247195322478774 3192.2121723752015896
137.30000000000001137 -34940.796875 301.69513559034726313 2235.0012767060106853
137.40000000000000568 -34942.6875 301.38200091319578178 1808.5231979077791493
137.5 -34940.30078125 300.84333177177762764 2730.4126312460784902
137.59999999999999432 -34935.34375 304.27207417326275163 2254.3144915746061088
137.70000000000001705 -34939.8671875 297.63995638954958167 1507.7206573900539297
137.80000000000001137 -34940.9609375 304.01943833982778642 2300.5125265588617367
137.90000000000000568 -34942.109375 296.85800045003202285 2542.0664667990549788
138 -34938.55859375 297.687861933889792 1805.6702654439034177
138.09999999999999432 -34938.83203125 299.43080226487472828 863.10934765319473172
138.20000000000001705 -34934.15625 299.87373571691853158 2488.1977864372006479
138.30000000000001137 -34939.015625 297.11768795340907445 1944.6066331258280115
138.40000000000000568 -34939.8984375 301.19404884328145044 1539.7077096890263874
138.5 -34939.58203125 292.64384578325882558 2094.9260144682384635
138.59999999999999432 -34939.9375 300.61703724511846758 1569.1219074345408444
138.70000000000001705 -34939.44140625 299.88894055784982129 1716.1198432292121652
138.80000000000001137 -34942.66015625 291.96175768862121913 1852.2514522843807754
138.90000000000000568 -34943.53515625 299.8717286327884608 1487.2014867886227876
139 -34940.69921875 304.15726361552634671 2463.9891150902335539
139.09999999999999432 -34941 297.33545348776510764 2306.1041567987344933
139.20000000000001705 -34938.1171875 296.08369963870484298 612.43978508792906723
139.30000000000001137 -34939.10546875 302.93116090996056755 1901.6060449443903053
139.40000000000000568 -34939.953125 301.95507377406943306 2827.2780670063243633
139.5 -34942.48046875 298.23953671652850517 2572.748030897730132
139.59999999999999432 -34936.4296875 300.52258043851873026 2816.5105212397456853
139.70000000000001705 -34938.34765625 302.48343304743622184 2823.8300951433143382
139.80000000000001137 -34941.66796875 299.9740489287080436 3035.8191880756944556
139.90000000000000568 -34939.03515625 301.21035803950718446 2482.536063385648049
140 -34937.265625 301.55898147001005327 1981.9754117152822346
140.09999999999999432 -34940.1953125 297.91314160562683355 3135.2337697265870702
140.20000000000001705 -34941.94140625 297.85414279378454694 3514.9463826201317715
140.30000000000001137 -34940.27734375 304.20077041049074751 1806.4441603869961455
140.40000000000000568 -34943.421875 297.92289851732755324 3154.1966570700492412
140.5 -34942.65234375 304.11051264290728113 3672.9939104220065929
140.59999999999999432 -34937.4453125 300.65059357949746754 2546.2793587659402874
140.70000000000001705 -34939.921875 296.15013355290136587 2115.1517569823058693
140.80000000000001137 -34938.46875 302.2089316631141287 1197.5185954033765938
140.90000000000000568 -34937.4375 298.97004222920207894 1800.6742242793852711
141 -34941.66015625 294.67599823367532963 3129.1379289390692975
141.09999999999999432 -34939.5390625 298.53515662349275317 1981.3784827713220693
141.20000000000001705 -34939.5859375 300.57348144680105406 1792.1399436975427761
141.30000000000001137 -34942.7421875 299.33541555948812629 2777.4037974911661877
141.40000000000000568 -34939.26171875 306.01646071861006249 2156.2880974803833851
141.5 -34941.203125 300.24502062483287546 2673.4818482287428196
141.59999999999999432 -34943.16796875 304.03955176451006537 2867.4901847199394069
141.70000000000001705 -34940.04296875 304.12304648155713949 2524.7994839781231349
141.80000000000001137 -34943.6328125 297.13302901942012113 3191.9699655352160335
141.90000000000000568 -34941.890625 304.00348923200482432 3140.4104109603517827
142 -34939.34375 300.48946649492967254 3181.6552543119983056
142.09999999999999432 -34945.34375 299.72407194701395383 2879.3820021057244958
142.20000000000001705 -34938.4453125 303.96631558298577147 2802.8805712017829137
142.30000000000001137 -34941.984375 301.83325886155330409 1673.0059626095717249
142.40000000000000568 -34938.51171875 296.58711268908928105 2336.7439151635239796
142.5 -34939.71875 304.62199497925990954 2108.4374185886231317
142.59999999999999432 -34939.60546875 298.29747777987915924 3870.0185250540416746
142.70000000000001705 -34939.23046875 303.84842104753647618 3036.6011481968894259
142.80000000000001137 -34939.6171875 300.77124573489538761 3516.026248634417243
142.90000000000000568 -34942.75 299.19827202646905562 3866.5178759984837598
143 -34940.734375 307.52288387453580754 1452.771416065793801
143.09999999999999432 -34935.49609375 297.7217728639317329 3467.5852714580541942
143.20000000000001705 -34941.64453125 298.72824620147304131 3503.121987577514119
143.30000000000001137 -34943.37109375 306.9172358169363406 1297.3302119833581401
143.40000000000000568 -34939.51953125 299.53804914311979246 3730.0918932839472291
143.5 -34940.609375 297.11400313629565062 3362.0269726934575374
143.59999999999999432 -34942.3046875 297.95861361076401863 2056.1638667732022441
143.70000000000001705 -34938.63671875 302.48835476102726716 3551.0338571547035826
143.80000000000001137 -34943.375 297.1155738158498707 2887.4104149556524135
143.90000000000000568 -34939.90234375 297.56646961570675103 2709.9639504029614727
144 -34938.8046875 302.1055406749817962 2322.0141528948997802
144.09999999999999432 -34942.51953125 294.84059934349562582 2279.2995780212954742
144.20000000000001705 -34942.3671875 299.46256099358129177 3158.114653099447878
144.30000000000001137 -34942.078125 301.79631532911076874 2776.5705084184792213
144.40000000000000568 -34937.828125 305.32375263804959786 1363.056338869437468
144.5 -34941.1796875 299.51224713021991874 2546.8172671841657575
144.59999999999999432 -34937.81640625 298.63265376572445575 2172.5368638362692764
144.70000000000001705 -34945.14453125 302.28991259405626124 1634.600990815171599
144.80000000000001137 -34940.30859375 294.58643788361695215 3550.9116206374214926
144.90000000000000568 -34939.3828125 300.64225131713766359 3161.2897817222874437
145 -34939.5703125 296.7343510264643669 2129.6815494615366333
145.09999999999999432 -34947.41015625 297.60457029386361683 2521.8159695719105002
145.20000000000001705 -34940.18359375 300.0782940831400083 2375.0184941797392639
145.30000000000001137 -34939.90625 300.10866484224021633 2129.643914302741905
145.40000000000000568 -34941.984375 294.654905589926841 2915.426954251508505
145.5 -34941.19921875 303.44298203821591642 2192.35970692091405
145.59999999999999432 -34940.19921875 297.85493560976595973 1984.0204358167618466
145.70000000000001705 -34939.453125 296.85231336973305361 3268.0689154370606957
145.80000000000001137 -34937.6640625 300.42036578640011157 3059.1277802814565803
145.90000000000000568 -34940.671875 300.8498456355447388 2771.8516007917114621
146 -34943.92578125 297.17208660078676985 3910.7076334108223818
146.09999999999999432 -34940.2265625 304.76707262849765812 3003.2314630030291482
146.20000000000001705 -34943.21484375 301.00018597707321533 2753.8513858355004231
146.30000000000001137 -34940.06640625 294.75604131677192754 3397.249177855027483
146.40000000000000568 -34939.87890625 301.14826919125727045 2221.8402180472544387
146.5 -34943.39453125 298.8746794227307646 2704.4310441277757491
146.59999999999999432 -34938.0625 301.91300709709645389 2754.0205517274398517
146.70000000000001705 -34938.4921875 297.39769005671206514 2517.5506166989353005
146.80000000000001137 -34939.18359375 297.67099334199428995 3053.0439716225600932
146.90000000000000568 -34938.9921875 300.87984123381789914 3027.4152547876524295
147 -34939.875 301.23215068730775101 2401.5579351112705808
147.09999999999999432 -34941.73046875 299.38107529478293145 3650.1445409381167337
147.20000000000001705 -34937.1171875 296.91061957325962339 2723.0528442486129279
147.30000000000001137 -34938.7734375 302.79248837443878983 2183.1215042470485059
147.40000000000000568 -34943.31640625 297.93114489629391528 2628.7112092275469877
147.5 -34943.08984375 301.42151742771068257 1618.1573467217585858
147.59999999999999432 -34943.2265625 302.10841616273751242 3176.3905099550584055
147.70000000000001705 -34946.484375 300.89562429056718429 2214.2236659189420607
147.80000000000001137 -34944.2890625 295.5792627940485886 1889.1650587465273929
147.90000000000000568 -34934.640625 294.92561865388222486 3226.8975910009285144
148 -34937.3359375 297.30385453189421696 3545.7748589797888599
148.09999999999999432 -34942.94140625 297.73544119694548726 2896.6970146044209287
148.20000000000001705 -34944.76953125 303.87266794926046032 1423.3857247922699116
148.30000000000001137 -34943.3828125 298.79461961617408861 2782.9694808759354601
148.40000000000000568 -34947.36328125 295.82995159727329337 1408.371836482641811
148.5 -34938.609375 296.5561595151686447 1958.5047651611951096
148.59999999999999432 -34941.0859375 300.58170563224297211 2199.5844037989722892
148.70000000000001705 -34941.98046875 296.50464901705095144 1344.2598133082469758
148.80000000000001137 -34937.2109375 295.95044167017175596 2574.3881272983912822
148.90000000000000568 -34939.4375 304.21726668649796466 1787.4310813168749519
149 -34944.8984375 300.62673622966758558 3486.5972613552867188
149.09999999999999432 -34941.63671875 301.87956221783457522 2840.4984144823265524
149.20000000000001705 -34938.7734375 301.08917915610425098 1546.9191344227072022
149.30000000000001137 -34942.06640625 294.79025838776470891 3250.7338312303768362
149.40000000000000568 -34943.46875 302.61744200651997971 3206.2081117808970703
149.5 -34940.79296875 297.80677035482028714 2000.0489959570584233
149.59999999999999432 -34944.5546875 292.20352499701948545 2594.7377722133987845
149.70000000000001705 -34940.078125 299.55415846586316775 2329.9314874695915023
149.80000000000001137 -34940.6640625 299.80496580085423375 2746.8609923449671442
149.90000000000000568 -34937.65625 302.37939280958835297 3271.6682793328541266
150 -34939.578125 299.12026508793508128 3274.4598862903494592
150.09999999999999432 -34940.84765625 300.47294937499441403 2853.637562565744247
150.20000000000001705 -34939.89453125 300.26878348742201297 2721.8226644015935562
150.30000000000001137 -34940.41015625 297.72232881858616338 2118.7948324222020346
150.40000000000000568 -34941.05078125 303.03379604979539863 1434.8758236797768859
150.5 -34944.1328125 300.74952707749980618 2845.6657941904445579
150.59999999999999432 -34946.5 303.68772529173924113 2424.6653032819781401
150.70000000000001705 -34944.03515625 303.19858768467241816 2538.6059445484083881
150.80000000000001137 -34942.23828125 299.39198199715582405 2618.734601571769872
150.90000000000000568 -34939.6875 294.47565895255860369 2408.2135759229950054
151 -34941.08984375 301.77697647060648478 2945.0378036413421796
151.09999999999999432 -34943.0703125 300.84951182518835822 2776.8009656019980866
151.20000000000001705 -34942.56640625 295.89173145416640409 1256.4509503204251359
151.30000000000001137 -34940.6171875 300.89804450719498163 1251.4390323392190112
151.40000000000000568 -34941.1875 299.61797236770615882 2929.0355027400541985
151.5 -34944.21484375 296.13522713939801179 3014.1268876858212025
151.59999999999999432 -34940.2421875 302.27863697066612758 2800.5635730456228885
151.70000000000001705 -34940.87890625 299.81595512599250242 3428.2430266153323828
151.80000000000001137 -34943.58984375 292.64473076202455104 2849.3148564995794914
151.90000000000000568 -34943.6328125 301.04435485825172236 2246.8289456218717532
152 -34939.15234375 298.2990757752133959 2993.4978420022371211
152.09999999999999432 -34944.60546875 298.41919435181324616 1934.1119328916740869
152.20000000000001705 -34940.11328125 302.21234654855851431 2488.2040606521168229
152.30000000000001137 -34941.0234375 299.46671501786545377 3793.6495340201472573
152.40000000000000568 -34937.671875 295.75825847600782481 1928.0039844096284014
152.5 -34944.47265625 302.27680518729141568 2903.7412625202623531
152.59999999999999432 -34935.6796875 302.16475345180987233 3417.3747272889681881
152.70000000000001705 -34938.109375 298.20253598093933078 1678.5037714657353263
152.80000000000001137 -34944.1640625 303.29330644976920439 1613.1529718411222802
152.90000000000000568 -34937.28515625 301.09917354770391285 3438.8585281745163229
153 -34940.06640625 302.57924448772251935 2357.7825860784032557
153.09999999999999432 -34939.08203125 296.26896105783362145 2199.0343484776367404
153.20000000000001705 -34937.9453125 301.22325835122450144 2033.4962458869456441
153.30000000000001137 -34944.21875 305.71925502353275306 1825.4153091138136915
153.40000000000000568 -34937.23828125 296.65557105460925413 2376.7656810324124308
153.5 -34942.140625 298.34117648046020577 2330.6153021830791658
153.59999999999999432 -34942.7578125 294.10205220804760984 2871.3828765882817606
153.70000000000001705 -34939.58984375 299.84854529645639332 2980.9285851951040058
153.80000000000001137 -34939.8984375 304.58152507258034802 3590.5461725073078014
153.90000000000000568 -34940.7109375 293.76653667091505895 3050.1232728381173729
154 -34942.54296875 302.76790255551264863 2833.3003247208753237
154.09999999999999432 -34939.11328125 301.79854583875771823 3542.9579709940067005
154.20000000000001705 -34942.8515625 296.82470532945472996 2720.1208504470801017
154.30000000000001137 -34938.625 300.81387165348996859 3369.4765030375556307
154.40000000000000568 -34939.80078125 301.67103185823117428 3609.1673780605001411
154.5 -34945.1484375 297.44456763555558609 2516.111686478442607
154.59999999999999432 -34940.75 299.96579928946511018 2687.2448179049306418
154.70000000000001705 -34942.00390625 303.27963709502631673 2279.6070086921981783
154.80000000000001137 -34943.796875 294.35399046252177868 3027.0007762462864775
154.90000000000000568 -34945.375 296.37469420571738965 3110.7832441187856602
155 -34938.91015625 299.60212906824420998 2000.7972762426488771
155.09999999999999432 -34940.546875 301.88935315008615135 2889.155944894039294
155.20000000000001705 -34942.953125 295.33895321103091192 3161.585290545110638
155.30000000000001137 -34938.14453125 300.55671871638850234 3251.1389182483503646
155.40000000000000568 -34942.91015625 302.15152750920663038 2829.0168320743805452
155.5 -34942.2421875 295.46877145253529307 3112.6236257367127109
155.59999999999999432 -34941.86328125 300.93756014586074343 2726.2427775124820073
155.70000000000001705 -34938.69921875 300.68410593931412222 3328.5384873659163532
155.80000000000001137 -34945.40625 298.01502492664025112 2342.9946744598660189
155.90000000000000568 -34942.265625 302.52711915178736035 2633.6823103650294797
156 -34938.21875 302.51980781055641501 3125.7940007170986974
156.09999999999999432 -34941.64453125 296.69785395135221506 2883.0840708018849909
156.20000000000001705 -34942.73046875 300.44150869939920767 2308.5511678099633173
156.30000000000001137 -34943 304.78464228394722113 3758.6613252107499648
156.40000000000000568 -34935.140625 296.31775444660218 3306.5614601626339208
156.5 -34942.18359375 303.40360762656956695 2123.6145412206674337
156.59999999999999432 -34943.12890625 302.20706045759794733 2446.3140374480558421
156.70000000000001705 -34936.46484375 298.24804319555664733 2616.0814822153161003
156.80000000000001137 -34936.5078125 300.54222368974126312 2501.8418975710706036
156.90000000000000568 -34939.5703125 295.58665749375171572 2679.079035202826617
157 -34941.5546875 301.42287150775331384 2074.3801233295157544
157.09999999999999432 -34933.953125 296.28697189644805121 1535.4212352449146692
157.20000000000001705 -34942.86328125 299.02991774652610957 1261.4839633718563618
157.30000000000001137 -34937.48046875 296.97615006277254679 2506.3460810602232414
157.40000000000000568 -34939.359375 303.13411978416638703 3246.2753273590556091
157.5 -34941.26953125 294.87195801362167913 2420.3650473874267846
157.59999999999999432 -34937.93359375 297.83148710383625257 2771.3330638648076274
157.70000000000001705 -34937.4921875 298.92897367832978262 1874.9524025563187024
157.80000000000001137 -34943.48046875 296.5176570725038232 1840.3329301622043204
157.90000000000000568 -34934 296.71371882915764218 2684.6150453670020397
158 -34940.08984375 299.77038493773528671 2545.1831523036139515
158.09999999999999432 -34939.3984375 299.68053326589017615 2373.1571026643573532
158.20000000000001705 -34934.80078125 296.6857753083335183 2826.1596107746063353
158.30000000000001137 -34938.7421875 297.02420704780018923 2292.9490577239080267
158.40000000000000568 -34935.3984375 304.52656597814473116 2326.2970672244177877
158.5 -34940.9921875 302.6443071764165893 1428.4794008194633079
158.59999999999999432 -34942.265625 300.65659780351393238 1758.6916231212080675
158.70000000000001705 -34936.11328125 301.25163390008378883 2150.4219263830477757
158.80000000000001137 -34937.38671875 291.82475281237714171 1247.9967900061519686
158.90000000000000568 -34937.93359375 299.09562719856461399 2313.6862305678955636
159 -34942.96484375 296.93439211360669105 1659.6224242517678249
159.09999999999999432 -34940.73046875 297.44356844709790266 2540.570272048838433
159.20000000000001705 -34938.73828125 298.9851641040787058 2887.6630308425646945
159.30000000000001137 -34941.2265625 297.7627549496093593 2226.988394665985652
159.40000000000000568 -34936.5390625 296.96807036822826831 2521.0616869735299588
159.5 -34936.66015625 299.36474455563103447 1959.9735752663164021
159.59999999999999432 -34942.06640625 297.01887803540205368 2295.947873969081229
159.70000000000001705 -34941.4375 303.33829847858476114 2724.8948302966550727
159.80000000000001137 -34941.25 304.21422138722095951 2726.9280173611364262
159.90000000000000568 -34940.07421875 297.76706935377904983 2889.3103611466776783
160 -34939.38671875 297.4933709214453188 2435.1727716073692136
160.09999999999999432 -34937.25390625 301.56703210281909833 1868.0412971681273575
160.20000000000001705 -34944.75 300.18355260692874253 1733.5860732078879209
160.30000000000001137 -34944.015625 298.50643034630786588 2438.9756620847279009
160.40000000000000568 -34942.10546875 300.3479843069716253 1747.0022928234618576
160.5 -34942.1328125 301.1817688567095388 3367.0626331394269073
160.59999999999999432 -34942.8984375 299.12019819094729201 2580.9705332368580457
160.70000000000001705 -34936.98046875 302.87063168012571168 2086.3281925110427437
160.80000000000001137 -34940.19921875 301.88760421916936139 2469.80999008815661
160.90000000000000568 -34941.87109375 300.06490637967527846 3688.8130013236182094
161 -34938.25390625 299.33687440738282248 2659.3814149724403251
161.09999999999999432 -34939.55859375 305.28324334381943572 2720.8456358134440052
161.20000000000001705 -34939.0390625 298.58273993003598434 2655.6988975962444783
161.30000000000001137 -34942.17578125 304.12829827448490505 2512.0361518124705071
161.40000000000000568 -34934.62109375 304.14939295163225097 2703.9979249593097848
161.5 -34939.81640625 300.11522815250060603 2766.9748726151769915
161.59999999999999432 -34941.23046875 303.79388496992589808 2817.2758750648308705
161.70000000000001705 -34941.5703125 299.62437701070069807 3488.871414409962199
161.80000000000001137 -34941.92578125 300.74746565396975484 2640.8411788056114347
161.90000000000000568 -34938.84765625 300.17727348883977356 2075.1040983933130519
162 -34945.92578125 304.04044113583319131 2649.7823059860588728
162.09999999999999432 -34938.51953125 297.33991125320977744 2957.8703862668448892
162.20000000000001705 -34936.64453125 297.89105984404596938 2482.7713425491974704
162.30000000000001137 -34937.3359375 300.48149262771772783 3823.9570664824395863
162.40000000000000568 -34944.14453125 300.50592061527760279 1384.6272322298391373
162.5 -34939.99609375 298.27845726808135396 1758.3207913935266333
162.59999999999999432 -34933.82421875 296.35835546805020613 1965.9884015124894177
162.70000000000001705 -34936.76171875 299.01787041000221734 1094.0316169959951367
162.80000000000001137 -34939.1875 295.08088788675308933 1627.1212671705659432
162.90000000000000568 -34936.34765625 303.39101277393575629 1889.072859259699726
163 -34939.09765625 298.07919582661736513 1564.9104218453765043
163.09999999999999432 -34937.4453125 297.684610766532046 2445.5867834851578664
163.20000000000001705 -34939.28515625 306.27768340110247891 2275.5345592995331572
163.30000000000001137 -34940.171875 298.95479025041026944 2071.4826420166355092
163.40000000000000568 -34943.28125 300.49591319348672869 2392.7966546586840195
163.5 -34934.453125 300.60900280851484467 3204.6582230162593987
163.59999999999999432 -34941.29296875 301.00080604392769601 2905.4675638969674765
163.70000000000001705 -34943.6015625 298.60292316052141359 2735.1105040983675281
163.80000000000001137 -34939.90234375 303.86537769960352762 3494.5294652290867816
163.90000000000000568 -34941.94140625 302.28985125436548742 3025.1016610246297205
164 -34939.32421875 295.46154421498312104 2816.9761546690883733
164.09999999999999432 -34938.86328125 305.54954285433552741 2485.9069157126691607
164.20000000000001705 -34938.90234375 297.04480023619657914 2329.0173744178327979
164.30000000000001137 -34944.70703125 304.75428606135193377 1854.8532401667741851
164.40000000000000568 -34937.890625 293.73874818771327 2301.3814817010561455
164.5 -34941.83984375 294.18662523431351019 3283.7813938928402422
164.59999999999999432 -34940.84765625 303.81676893492908675 3830.9574834829768406
164.70000000000001705 -34939.921875 299.73666264526792702 2453.8797555036280755
164.80000000000001137 -34939.37890625 301.47201114283473089 1311.3473382388215214
164.90000000000000568 -34937.921875 300.17055259602068418 2080.609599162347422
165 -34946.34375 302.19431185754456237 2611.4053167979550381
165.09999999999999432 -34940.1796875 297.43013400197577312 1873.1886631284105533
165.20000000000001705 -34937.90625 305.59451250739994066 3065.310904746169399
165.30000000000001137 -34940.73046875 300.80792581874646885 4258.8005892650444366
165.40000000000000568 -34941.2265625 303.85530404962662487 2514.1847252756915623
165.5 -34937.37109375 297.19691496813550202 3250.4686004891987068
165.59999999999999432 -34942.71875 296.15603350824324025 3232.4002082490164867
165.70000000000001705 -34937.07421875 300.46805763452829297 2014.7322513083395279
165.80000000000001137 -34942.10546875 303.01717932529982136 2507.3066317082752903
165.90000000000000568 -34941.046875 297.59740211449110348 2073.0369268963154354
166 -34936.9296875 301.29369916050620759 3084.0522937371579246
166.09999999999999432 -34938.49609375 295.86940204698197476 2818.0485406214129398
166.20000000000001705 -34939.546875 294.7076139297764712 2516.1602635764425031
166.30000000000001137 -34940.9296875 301.83786568069655232 2155.8190859689761965
166.40000000000000568 -34935.84375 295.63877548478546942 1306.416759544437582
166.5 -34938.17578125 300.26055440271460384 822.33221030350432557
166.59999999999999432 -34943.6640625 299.21241472460962996 1927.6185306049246719
166.70000000000001705 -34938.5390625 303.14439370970251275 2785.9370761870950446
166.80000000000001137 -34938.4296875 299.0370204897500912 1989.7538313081931847
166.90000000000000568 -34940.3828125 300.29482706982929585 1813.3637562584019634
167 -34938.3828125 298.69464575803340267 2922.8870969997879001
167.09999999999999432 -34934.87109375 298.34507649753254555 3464.8265793799400853
167.20000000000001705 -34937.13671875 304.43090458449341895 2756.611591927891368
167.30000000000001137 -34941.19921875 301.49610121551597786 2082.5656803057049729
167.40000000000000568 -34940.546875 294.48198740367968185 2791.9299255161395195
167.5 -34934.6015625 297.78864751624399787 2141.9794560558452758
167.59999999999999432 -34939.0546875 302.30657195217560229 2503.695584191825219
167.70000000000001705 -34941.87890625 299.2894949038067125 2144.3233633760592056
167.80000000000001137 -34935.42578125 298.96137869420425659 3428.0998720869133649
167.90000000000000568 -34939.29296875 302.18381199431820505 3149.5240545104570629
168 -34939.1875 298.71141140850397733 2456.4512065705139321
168.09999999999999432 -34932.84375 304.62345827770775486 2963.9789011511579702
168.20000000000001705 -34940.42578125 301.94373958598265517 3114.653192258576837
168.30000000000001137 -34940.72265625 301.07758942829576654 2285.1583517189392296
168.40000000000000568 -34937.9609375 299.80219261805353881 2321.2851843961252598
168.5 -34939.5234375 293.76969529758838462 3499.9241250947138724
168.59999999999999432 -34941.3203125 307.05817664997425709 2229.8106342558776305
168.70000000000001705 -34937.44140625 296.99688141874383973 2588.9269735443690479
168.80000000000001137 -34941.86328125 294.88641866254738488 1472.3641281548723327
168.90000000000000568 -34943.71875 299.18579327993052175 2138.3073629967448142
169 -34937.03515625 298.2378696482929854 3422.1214364872889746
169.09999999999999432 -34942.76171875 301.54453772917105425 2545.2758782286955466
169.20000000000001705 -34944.9921875 302.01844263811926794 1055.0673062653499983
169.30000000000001137 -34937.4453125 299.23819026052802883 2581.1892924723606484
169.40000000000000568 -34939.53125 298.74085945735038194 3804.6330103905374926
169.5 -34943.50390625 295.50712072979098366 1617.5126786853390968
169.59999999999999432 -34939.74609375 301.13137991861634646 2220.0426630944702993
169.70000000000001705 -34939.47265625 298.28532396270804838 3665.2708695991250352
169.80000000000001137 -34939.2734375 294.07929616346444845 1890.4420345786056714
169.90000000000000568 -34939.66796875 304.44878259845393131 2803.5433088950371712
170 -34943.9453125 300.47807905955966135 2598.1114404122531596
170.09999999999999432 -34938.59765625 294.2409632154525525 1865.8385786521073442
170.20000000000001705 -34937.734375 299.4244311466368913 2675.9325076081026964
170.30000000000001137 -34935.85546875 298.04950373331672608 3325.1579187290853952
170.40000000000000568 -34945.6953125 298.64585908130476355 3002.5721144756885224
170.5 -34938.98046875 301.05308180478527902 3219.2073364915986531
170.59999999999999432 -34941.421875 299.20683236027014118 1736.0798643611690295
170.70000000000001705 -34942.48828125 299.00139702453697055 3580.5818522289969223
170.80000000000001137 -34941.09765625 297.75399311850281947 3126.6178973059882082
170.90000000000000568 -34935.50390625 302.0020715461609484 1538.5770657322580064
171 -34939.7734375 302.22938539672907154 2787.953382443126884
171.09999999999999432 -34942.49609375 300.80666133378906579 2463.0997805764359327
171.20000000000001705 -34942.65234375 301.83385083203660315 3710.6690833948882755
171.30000000000001137 -34941.8828125 307.86042728887588282 3987.5525374531084708
171.40000000000000568 -34942.5 301.24760194882975384 1586.4503403944452202
171.5 -34940.69140625 302.68310824765239886 4077.9093883513596666
171.59999999999999432 -34943.86328125 305.6200066280092642 3168.0765879255945947
171.70000000000001705 -34942.74609375 298.14311782384521621 1588.4091852828403262
171.80000000000001137 -34938.86328125 300.35709815268245393 2498.0683863898357231
171.90000000000000568 -34936.96484375 296.44871947545050261 1938.302716530736916
172 -34941.3515625 300.86221390930779762 1043.5434889905166074
172.09999999999999432 -34939.3046875 299.07263513308345182 2630.2367387325239179
172.20000000000001705 -34939.06640625 299.31667853961891979 1832.5940051595896421
172.30000000000001137 -34943.77734375 298.28223645484337112 2503.7510057720965051
172.40000000000000568 -34943.2109375 303.10822840918808652 3391.594261471000209
172.5 -34938.65625 297.30987858737103124 2329.2533415260595575
172.59999999999999432 -34946.25 302.11651550172479119 3544.5702312240873653
172.70000000000001705 -34937.9921875 306.88514064862982877 3823.5279683408425626
172.80000000000001137 -34940.68359375 299.77198301408066072 3277.7958224097947095
172.90000000000000568 -34942.265625 300.64330970808231314 2768.3449032289040588
173 -34939.48828125 301.91073248641953342 2969.5385155501144254
173.09999999999999432 -34944.2109375 297.76248516519927989 3476.2021620872446874
173.20000000000001705 -34940.0234375 300.46227557264569441 2881.9924840490907627
173.30000000000001137 -34938.25 298.21030759934524212 2284.6942585052665891
173.40000000000000568 -34940.30859375 298.40568818438333665 3591.4493246829920281
173.5 -34938.77734375 305.73950858915918616 3032.4967908388157412
173.59999999999999432 -34939.26953125 296.04675913365076667 2808.0327544448637127
173.70000000000001705 -34944.01171875 302.15358681017619347 2245.7965913274338163
173.80000000000001137 -34941.484375 295.65333043669301105 3054.8876244675666385
173.90000000000000568 -34937.51171875 301.86524012986473053 2585.9467033927726334
174 -34940.875 297.728661571524583 3238.6764034405282473
174.09999999999999432 -34944.0703125 303.74194744201571439 3250.5959914694644795
174.20000000000001705 -34938.0546875 297.47067953220386016 1538.19858691660761
174.30000000000001137 -34936.12109375 298.17000981248560265 3664.3818332380465108
174.40000000000000568 -34940.0546875 307.60494998240875475 3439.8507013198868663
174.5 -34940.99609375 298.13232896786519177 1788.7272069243399528
174.59999999999999432 -34942.16015625 302.06528533685536786 3119.5904743434448392
174.70000000000001705 -34938.78515625 304.33756837949528062 2539.2692462792942933
174.80000000000001137 -34940.234375 296.89652719269150793 2686.0111817743172651
174.90000000000000568 -34943.7421875 305.34078847873172435 2659.9107884320560515
175 -34935.7109375 297.83771147865132889 2984.4947320322467021
175.09999999999999432 -34939.94921875 301.89579660822874985 2353.7567394321763459
175.20000000000001705 -34941.79296875 297.88299473326213729 2766.2230733389451416
175.30000000000001137 -34940.21484375 301.79802155659740492 3314.0722033739434664
175.40000000000000568 -34937.73046875 297.18151812986440063 1884.9842506355571459
175.5 -34943.90234375 304.22951444988729008 2437.2903114859059315
175.59999999999999432 -34940.4296875 296.94659249414587521 2324.1422916553074174
175.70000000000001705 -34941.0234375 300.85313993623447004 2125.3109268140919994
175.80000000000001137 -34934.10546875 301.15344631893066207 3292.8571687529165501
175.90000000000000568 -34940.57421875 295.86245585788770995 1951.2907207374207701
176 -34936.3984375 295.49705077053124569 1397.3217552677811
176.09999999999999432 -34936.4765625 300.46212212556508803 1963.8472269829469496
176.20000000000001705 -34939.38671875 295.00531854488849604 1445.7847847776422441
176.30000000000001137 -34939.64453125 299.40409691139461756 663.47245810009860634
176.40000000000000568 -34934.84765625 298.72586133779600459 1845.5166641642060767
176.5 -34941.03125 299.12097089791626559 1440.8129548569368126
176.59999999999999432 -34941.14453125 301.7102617775805129 1775.7932597387050464
176.70000000000001705 -34941.87109375 296.00883232825361802 2205.6430319949467957
176.80000000000001137 -34940.828125 299.56660332034641669 2035.3791979096915838
176.90000000000000568 -34937.27734375 298.169973117521522 1500.4823036542361478
177 -34938.22265625 307.24915473059741089 2237.5160903724658965
177.09999999999999432 -34938.4453125 302.4422379596668975 1459.6279898245513778
177.20000000000001705 -34937.6875 294.49363124362696453 1730.0724264346108612
177.30000000000001137 -34939.72265625 303.22150753840389825 1992.5109135791196877
177.40000000000000568 -34939.6875 303.58206713112326725 2134.0528777503077436
177.5 -34943.1875 300.41859798808667392 1939.7369113177142026
177.59999999999999432 -34941.08984375 304.50134602425123376 1725.072219355580728
177.70000000000001705 -34940.69140625 294.39336105640336427 2531.3730554246058091
177.80000000000001137 -34941.4453125 303.87456376341248188 2438.963599953688572
177.90000000000000568 -34937.27734375 296.27679906306491375 2182.8587907416049347
178 -34942.828125 298.58555417956972633 1825.5458077114151365
178.09999999999999432 -34942.8125 296.84750213861980228 2299.6450345450048189
178.20000000000001705 -34940.28515625 302.02051333846929992 2657.1345568773108425
178.30000000000001137 -34944.05078125 299.54185354418876841 2157.8974284285914109
178.40000000000000568 -34941.74609375 294.2919198211462799 2487.0277420174920735
178.5 -34937.546875 296.14674396021842995 2988.1701951494965215
178.59999999999999432 -34941.83203125 301.99788202640166901 2682.5943675088947202
178.70000000000001705 -34938.08984375 291.76510661687416359 2094.2940518327932296
178.80000000000001137 -34938.71484375 303.85141577872343532 2264.5752492747328688
178.90000000000000568 -34944.0390625 300.0966016762728259 3097.02375852851128
179 -34942.734375 305.12075339043605027 2062.0430898170693581
179.09999999999999432 -34939.8203125 292.8223933109723589 2556.1823545432521314
179.20000000000001705 -34941.34765625 301.86047224149359636 3298.7057649655503155
179.30000000000001137 -34940.2890625 299.29791229548277443 2901.8033970786541431
179.40000000000000568 -34938.68359375 303.55302232118322081 2578.7516760784706094
179.5 -34941.2578125 301.753440641929501 2797.0282719997103413
179.59999999999999432 -34939.4140625 295.11444788932345773 1935.0733835099847511
179.70000000000001705 -34935.2109375 300.17688258959435643 2694.4712255016938798
179.80000000000001137 -34943.3984375 306.27089073919961493 1829.0176549792365677
179.90000000000000568 -34939.75 295.21710273543828862 1783.8616147543641546
180 -34937.203125 302.11028673703083314 2808.9865539356251247
180.09999999999999432 -34940.61328125 300.31890346245819501 2734.370918065611022
180.20000000000001705 -34946.32421875 301.13441743569404707 1856.7497812980568597
180.30000000000001137 -34941.66796875 301.87889755804530978 2047.9446444132265697
180.40000000000000568 -34940.84765625 300.22350989702664492 2548.1906436436829608
180.5 -34944.79296875 297.09361430346024235 2273.234467537326509
180.59999999999999432 -34941.453125 298.69390069042782443 3660.6773697408711996
180.70000000000001705 -34940.4375 297.60014461391205032 1651.2805608028172628
180.80000000000001137 -34941.37109375 300.48941298123759225 2285.8340976974523073
180.90000000000000568 -34938.1796875 305.19808885337579341 2777.4075207365954157
181 -34939.99609375 296.70438160395093519 1318.9142244570919047
181.09999999999999432 -34943.3046875 301.41160287583500121 2420.2223365140594069
181.20000000000001705 -34937.49609375 302.98267501008660929 3113.4738615029054927
181.30000000000001137 -34939.953125 303.64432585997349179 2430.229689789422082
181.40000000000000568 -34940.19140625 296.611327868244814 2791.2277824156117276
181.5 -34940.859375 302.69561621229456705 1840.3304795903525246
181.59999999999999432 -34941.3984375 300.10680498329980992 2382.4611674951456735
181.70000000000001705 -34942.26953125 299.81991801503352235 3646.02953367810278
181.80000000000001137 -34932.99609375 299.39026890061558106 3308.219740052119505
181.90000000000000568 -34938.93359375 300.67225510166753111 3403.3866397306242106
182 -34943.078125 301.21196783833818245 3769.8467192670468648
182.09999999999999432 -34947.203125 299.5870540681500529 3051.5494639939688568
182.20000000000001705 -34939.03515625 298.72500123373913539 3851.5504434772187778
182.30000000000001137 -34943.69921875 305.35839415779003048 4239.5302397237892365
182.40000000000000568 -34945.30859375 298.32142220109238906 2434.1132354987571489
182.5 -34939.8046875 302.04114232950774976 3518.0098490020577628
182.59999999999999432 -34939 300.80610798220669722 3634.0226730664371644
182.70000000000001705 -34943.546875 297.34871053257904805 2660.6112075009650653
182.80000000000001137 -34941.3125 304.52525289150474919 3079.3811786089463567
182.90000000000000568 -34941.015625 298.56452813726639306 3180.06867905619265
183 -34946.74609375 304.53270242103042165 2480.7508530190575584
183.09999999999999432 -34934.83984375 301.45143092463320045 2521.5604891240773213
183.20000000000001705 -34943.1484375 303.88857221400945718 2429.196994623329374
183.30000000000001137 -34942.7265625 299.59274755438042348 2450.5704473107266494
183.40000000000000568 -34937.265625 302.25515158577161401 2354.7069303710372878
183.5 -34933.52734375 304.69828013410665335 2109.1726191321995429
183.59999999999999432 -34945.0703125 305.38819644721570512 2862.3544104664206316
183.70000000000001705 -34939.4765625 297.00747195279723201 1788.6268745901347756
183.80000000000001137 -34939.203125 303.71270854637748471 1233.0116980976663399
183.90000000000000568 -34939.9609375 292.91073307993121944 3399.7314975860945196
184 -34944.2109375 302.05743733706833609 3266.7352156707465838
184.09999999999999432 -34939.5625 307.37447275818328762 1732.8873195473304349
184.20000000000001705 -34942.91796875 299.63223109497488394 2452.7140787821845151
184.30000000000001137 -34940.15234375 298.79869092814891474 2609.245674823709578
184.40000000000000568 -34940.45703125 302.88218713251245617 2003.814859641878229
184.5 -34940.4453125 294.85638033127662538 2704.8452107281532335
184.59999999999999432 -34938.65625 302.857244274835125 3336.5343798030021389
184.70000000000001705 -34941.9140625 302.47273201788692631 2557.2828295741333022
184.80000000000001137 -34943.4296875 298.62943737725953497 2482.424445307987753
184.90000000000000568 -34939.05859375 303.11535141763636148 1824.0230755165566734
185 -34943.30078125 303.35925300564582585 867.61164570587970957
185.09999999999999432 -34940.375 298.7255945311306391 1570.92734439486253
185.20000000000001705 -34935.390625 301.80429414863772308 1349.9717925782942984
185.30000000000001137 -34939.07421875 302.29129674878862488 2821.2584394077043726
185.40000000000000568 -34940.91015625 298.73543144071732058 1999.6680971245652927
185.5 -34936.515625 298.49651703267903713 241.99572166321607369
185.59999999999999432 -34941.84765625 301.15272563085784441 1571.0033083033497405
185.70000000000001705 -34941.16796875 296.12362749119654382 1766.638765267279723
185.80000000000001137 -34937.51953125 302.15004830052328089 1710.3005432108702735
185.90000000000000568 -34938.48046875 300.08209479739269909 3872.8677530990285049
186 -34942.390625 295.10101444610370436 3603.6641780746576842
186.09999999999999432 -34945.125 300.63755117622713442 2312.7111731744239478
186.20000000000001705 -34937.9375 296.49697688364358328 2774.249529327739765
186.30000000000001137 -34938.33984375 303.35049212896279869 2750.1313665666134511
186.40000000000000568 -34945.19140625 301.74464537405259534 2000.3059378427597039
186.5 -34942.8046875 300.21850291767111685 2189.0755465693705446
186.59999999999999432 -34938.921875 301.33961802433759658 3177.967008615107261
186.70000000000001705 -34944.01953125 296.29408623871080408 1998.864014402566454
186.80000000000001137 -34941.05078125 302.11692387561936357 3034.6928125639315112
186.90000000000000568 -34941.40234375 297.23717674239253483 3421.370971418940826
187 -34945.796875 300.91550753358347947 2799.5179056680381109
187.09999999999999432 -34940.23828125 303.42806071851640581 3270.1856605045604738
187.20000000000001705 -34942.88671875 299.26724886891821598 2503.3481717098838999
187.30000000000001137 -34943.73828125 299.87332525768732694 3801.0050091434095521
187.40000000000000568 -34939.83203125 303.81621791589230952 3038.4136348373876899
187.5 -34936.97265625 293.20318238637588593 1395.6656879592403584
187.59999999999999432 -34937.890625 305.07797149880167353 2391.7288585507963035
187.70000000000001705 -34938.71875 300.6142728557036321 2717.7185324718852826
187.80000000000001137 -34939.171875 295.99543270082892832 2245.4578637101144523
187.90000000000000568 -34938.73046875 306.48500749082097627 2610.0162033595074718
188 -34940.69140625 299.86397919711851046 3395.551809809653605
188.09999999999999432 -34937.625 298.4582335405965523 2173.9994951257122011
188.20000000000001705 -34935.7578125 301.10426548537787994 2884.629329878961471
188.30000000000001137 -34940.48046875 297.42028510542115782 4311.2847554853433394
188.40000000000000568 -34942.7578125 299.02341608685122765 2942.9997672804565809
188.5 -34937.26953125 302.18653555361186136 3789.8782261451419799
188.59999999999999432 -34942.1796875 298.91030982543992423 3024.0748554819920173
188.70000000000001705 -34939.23828125 297.56857997909878577 2827.4913777228944127
188.80000000000001137 -34935.45703125 300.33710980990304051 2923.2615659012953984
188.90000000000000568 -34941.9453125 300.75893891472856012 3122.6730339753653425
189 -34943.5 298.95044144801880748 2235.370563564396889
189.09999999999999432 -34939.2734375 301.93948695336666788 3153.7449000274600621
189.20000000000001705 -34941.53515625 301.7217163753913951 2602.7757750868904623
189.30000000000001137 -34945.8203125 299.06595770602461926 1929.561875433924115
189.40000000000000568 -34942.21875 302.03650608149644086 2454.6924287994884253
189.5 -34938.84765625 299.70026199252146171 3035.6521275727063767
189.59999999999999432 -34939.91796875 298.75375143281888768 2479.2279389573445769
189.70000000000001705 -34942.0546875 298.10738705557747608 2941.4465895495823133
189.80000000000001137 -34934.94921875 299.44938583378461772 2079.7594794371134412
189.90000000000000568 -34944.21484375 302.07805793889593815 2884.6276822901909327
190 -34942.0703125 298.43488862119579608 2547.7202163971692244
190.09999999999999432 -34937.8671875 300.96796264142363952 1801.243642985460383
190.20000000000001705 -34942.39453125 295.67996179586049266 2973.1083506824497817
190.30000000000001137 -34943.4609375 297.60325389750238401 2841.9189470531550796
190.40000000000000568 -34941.52734375 301.66504160088106801 1485.0902321956871219
190.5 -34940.359375 303.56020450257437915 2682.9876320357361692
190.59999999999999432 -34944.20703125 299.80491462655368196 2398.8917267154615729
190.70000000000001705 -34942.55078125 301.3764705995020563 1984.8623956650296805
190.80000000000001137 -34937.21484375 298.04758117356533376 2513.7879182213023341
190.90000000000000568 -34940.6640625 298.09895303667366306 2174.855987526854733
191 -34940.7109375 299.02554451530858159 1540.8627024011473168
191.09999999999999432 -34939.28515625 299.06398918969273382 1364.5084502130796409
191.20000000000001705 -34937.76171875 293.42213774049099584 3872.079805038984432
191.30000000000001137 -34937.31640625 302.68306188571864368 2828.9812476519482516
191.40000000000000568 -34942.19140625 300.46431493711321536 1316.4445975009698486
191.5 -34941.10546875 300.51828841896991662 2529.6556448758560691
191.59999999999999432 -34935.484375 300.58332412315905913 2061.2254957681161613
191.70000000000001705 -34940.18359375 303.75864539220526694 1660.7651550689722626
191.80000000000001137 -34943.33203125 300.70599873540697899 2378.3443502651180097
191.90000000000000568 -34938.84375 300.24622172269903331 1737.504686303432436
192 -34933.51171875 296.80917000563698593 2205.9360848304227147
192.09999999999999432 -34940.7578125 294.48546690161765582 2654.847294148642959
192.20000000000001705 -34941.4453125 302.84351111309251792 1803.7142440225784412
192.30000000000001137 -34943.078125 300.13117341451538778 2611.7010505615971852
192.40000000000000568 -34941.69921875 296.13000761278578921 3561.5572264088114025
192.5 -34940.87109375 302.24680089124967708 3363.2579839135837574
192.59999999999999432 -34944.57421875 299.32348040157739888 3406.7785003788139875
192.70000000000001705 -34939.55859375 303.22712581914242946 2875.4665733571746387
192.80000000000001137 -34939.60546875 301.06924081931902037 3080.3630622808582302
192.90000000000000568 -34943.140625 298.33060954566633427 3661.4823485911979333
193 -34940.6171875 300.91727101251001386 2730.4059434091627736
193.09999999999999432 -34941.265625 301.40652954455447343 3002.4846100023096369
193.20000000000001705 -34945.98828125 297.04681342810408751 2811.7811724282510113
193.30000000000001137 -34941 300.50707208696877615 2424.8937329064106052
193.40000000000000568 -34941.70703125 302.18672461784854022 3080.3682217254199713
193.5 -34943.171875 298.79389671870012535 2723.2513264007334328
193.59999999999999432 -34939.2421875 298.78302446288739702 1627.070816988896695
193.70000000000001705 -34939.625 303.96605609287973948 1425.5955488922404584
193.80000000000001137 -34942.890625 297.48812827058554831 2714.3538350865565008
193.90000000000000568 -34940.953125 300.01999657120251186 2846.2250305013017169
194 -34941.80859375 301.46099348740011692 2791.1023942207075379
194.09999999999999432 -34938.625 296.1674400016958657 2170.6697676456119552
194.20000000000001705 -34936.3828125 300.65868696756041345 3157.739142733396875
194.30000000000001137 -34940.60546875 298.31788118779002161 2981.4551556487367634
194.40000000000000568 -34940.828125 297.96680284874236122 3039.5089969052255583
194.5 -34939.625 300.40302095174996566 1887.7479956641664103
194.59999999999999432 -34938.95703125 302.8837608682630389 2019.5922434524752589
194.70000000000001705 -34944.48046875 300.36248501454883808 1562.7246981335185865
194.80000000000001137 -34938.9609375 302.50965680688432258 2202.5519505691113409
194.90000000000000568 -34941.6953125 303.03440249615704261 2589.3438430241449169
195 -34939.3359375 297.2931466130534659 2488.6123776111908228
195.09999999999999432 -34939.1875 304.90012222460529756 2946.5135566422286502
195.20000000000001705 -34940.3828125 299.3591347668213416 2939.6392245910487873
195.30000000000001137 -34939.30078125 297.17388807046251031 3256.7959846374574227
195.40000000000000568 -34943.29296875 293.0605394510532733 2663.4151102985101716
195.5 -34939.50390625 300.55639170546749028 2473.2848202618147297
195.59999999999999432 -34938.0859375 300.21700705521379859 2716.3193141946107971
195.70000000000001705 -34941.93359375 295.39473293021183053 2504.8354963067990866
195.80000000000001137 -34938.72265625 302.86729606327014608 2827.4818853071865306
195.90000000000000568 -34938.91796875 297.55053933586032144 3329.3384783694473299
196 -34939.99609375 300.99870705585323094 2324.0299652284238618
196.09999999999999432 -34936.1484375 303.58536516656926096 3330.976901648099556
196.20000000000001705 -34939.453125 298.95907968553143519 3724.3781635619648114
196.30000000000001137 -34941.3828125 300.03572909889282982 2249.7503543089801497
196.40000000000000568 -34935.98046875 306.53819776124998953 3221.9699398837969966
196.5 -34937.51171875 302.0641886540919927 2930.1799756237583097
196.59999999999999432 -34942.75390625 302.19604166898591302 2001.7740257509074127
196.70000000000001705 -34940.4140625 299.70678855970857057 3402.1264749007600585
196.80000000000001137 -34936.12109375 303.47233296692934346 3125.8499032356080534
196.90000000000000568 -34938.07421875 296.47773847438179473 3373.7628339782722833
197 -34938.51171875 301.21531198944893504 3624.5634780714326553
197.09999999999999432 -34938.328125 299.03647981962586755 2349.0125611199223385
197.20000000000001705 -34938.0703125 299.97580046815266996 2508.5113053777317873
197.30000000000001137 -34935.5546875 301.08227608087713634 3071.5611613790888441
197.40000000000000568 -34939.2265625 299.54930836002603201 3439.9688502472145046
197.5 -34941.39453125 303.50408634998638036 2773.6909866904379669
197.59999999999999432 -34936.3046875 301.14992257441753054 2489.6613568598768325
197.70000000000001705 -34941.828125 299.8522011755972585 2451.1043748146526013
197.80000000000001137 -34932.52734375 297.14006210963992771 2496.7933390696589413
197.90000000000000568 -34933.828125 300.52692768465522022 1960.4508876667068762
198 -34937.71484375 299.61316694468604283 3172.3218002577368679
198.09999999999999432 -34940.59765625 295.40836674266904538 3138.2538593969961767
198.20000000000001705 -34936.55859375 301.5260736114013298 2378.1337064160852606
198.30000000000001137 -34943.65625 303.45833664812420238 2019.2908916859882993
198.40000000000000568 -34942.83984375 301.6780750391058632 2820.7847095044617163
198.5 -34934.58203125 301.54628683962607738 2192.1916063310236495
198.59999999999999432 -34942.1328125 296.51408156523967818 3037.3281523777668554
198.70000000000001705 -34939.25390625 301.31497819889784751 1904.171311162436723
198.80000000000001137 -34939.94140625 305.85594825663918073 1751.1552108777339072
198.90000000000000568 -34940.6171875 296.86289758206947909 3022.4228792006088042
199 -34939.546875 303.6018486457684844 3238.7691951760180018
199.09999999999999432 -34938.00390625 299.11356294124078659 2170.4485315828615057
199.20000000000001705 -34941.3984375 299.90334945589177096 2397.4895623904926651
199.30000000000001137 -34937.32421875 306.31656102806908848 3530.71116670469155
199.40000000000000568 -34939.45703125 301.95487322092117211 1749.1540834717955022
199.5 -34940.765625 302.57600825876090767 2107.7793385538479924
199.59999999999999432 -34938.81640625 303.62251907416288077 2618.633594073889526
199.70000000000001705 -34936.828125 298.83053758354338925 1033.762200597358742
199.80000000000001137 -34939.4296875 297.98997993443242649 1215.5140597629806507
199.90000000000000568 -34935.8828125 303.57782408728490964 3017.3227823554657334
200 -34937.23828125 296.09920466074265732 2640.801155731529434
